Date,Close,High,Low,Open,Volume,LSTM_Prediction
2023-07-27,191.08775329589844,195.0238284273441,190.4251487828704,193.85685736898512,47460200.0,191.31685
2023-07-28,193.66896057128903,194.4601353557404,191.99760780036655,192.5217578883548,48291400.0,191.35458
2023-07-31,194.2821044921875,194.3216715292241,193.10523413200036,193.89640887829788,38824100.0,191.95888
2023-08-01,193.45135498046875,194.55899044039091,193.12499487022708,194.07440747187567,35175100.0,192.78465
2023-08-02,190.45480346679688,193.026102358892,189.73286353794575,192.88764791924385,50389300.0,193.26785
2023-08-03,189.0603790283203,190.2471336448423,188.58568019979225,189.45597396076343,61235200.0,192.7039
2023-08-04,179.981689453125,185.31220853119976,179.91245468139763,183.47273360328956,115956800.0,191.50961
2023-08-07,176.87631225585938,181.10907923772604,175.3928654606145,180.12011470756278,97576100.0,187.98476
2023-08-08,177.8158416748047,178.2806562533865,175.6203390114105,177.7070549630004,67823000.0,183.65114
2023-08-09,176.22360229492188,178.93335560733482,175.05661623443876,178.87402014653773,60378500.0,180.3354
2023-08-10,176.00604248046875,178.75536303948698,175.64013038367378,177.4993736907431,54686900.0,177.84744
2023-08-11,176.0654296875,176.88738049769475,174.8374673630278,175.60000259117115,52036700.0,176.28593
2023-08-14,177.71925354003906,177.94701832041608,175.5900993670502,176.2437010263368,43675600.0,175.52898
2023-08-15,175.72874450683594,177.73905244130324,175.3326305229056,177.1448814654077,43622600.0,175.7416
2023-08-16,174.85728454589844,176.80816171418965,174.78795629022963,175.4118501481314,46964900.0,175.78781
2023-08-17,172.3122100830078,175.7881578465257,171.79724982185638,175.42175166053434,66062900.0,175.55304
2023-08-18,172.79745483398438,173.40153844678508,170.29199700813362,170.62869538621166,61172200.0,174.61241
2023-08-21,174.13436889648438,174.42156439236868,172.05474771785234,173.37184868637627,46311900.0,173.76202
2023-08-22,175.51087951660156,175.95651153189084,174.54038966607246,175.34253031574917,42038900.0,173.5058
2023-08-23,179.36314392089844,179.78898080878903,176.60021337314086,176.78837280424742,52722800.0,173.90833
2023-08-24,174.66912841796875,179.3433458832632,174.30270712253693,178.91750900229638,54945800.0,175.47972
2023-08-25,176.87750244140625,177.41225784961358,174.1145717959043,175.6594375427037,51449600.0,175.88919
2023-08-28,178.44216918945312,178.83828316683332,176.8180777049469,178.34313313971825,43820700.0,176.32472
2023-08-29,182.3340606689453,183.10649358507428,177.75887876406125,177.95693577395411,53003900.0,177.05275
2023-08-30,185.8297882080078,186.0278602958339,182.9480267037944,183.1460836808417,60813900.0,178.72234
2023-08-31,186.0476837158203,187.2855588991337,185.66146726305777,186.01797592028328,60794500.0,181.24794
2023-09-01,187.6222686767578,188.07779827305947,186.4537066694999,187.65197647170007,45766500.0,183.51892
2023-09-05,187.85992431640625,188.1372071331358,185.7902007519677,186.453699999912,45280000.0,185.52022
2023-09-06,181.1357879638672,187.01817274977,179.70975345688714,186.57252563325392,81755800.0,186.94879
2023-09-07,175.8376922607422,176.48139642487362,171.85668142571674,173.48077306769622,112488800.0,186.00131
2023-09-08,176.45166015625,178.4916910043361,176.06544373133067,176.62002446653017,65551300.0,182.97375
2023-09-11,177.62022399902344,178.5511084974291,175.619813594627,178.3233437087065,58953100.0,180.03958
2023-09-12,174.5899200439453,178.3827714442694,173.12428004812202,177.7489799506068,90370200.0,178.1664
2023-09-13,172.5201873779297,175.58021106580875,172.29240747476095,174.7978655233742,84267900.0,176.39809
2023-09-14,174.03536987304688,174.39187856440168,171.89631772491796,172.31224201303482,60895800.0,174.60265
2023-09-15,173.31239318847656,174.78794559113751,172.1339489112559,174.76813536061914,109259500.0,173.6617
2023-09-18,176.24371337890625,177.64004017321716,174.46117014263496,174.76816076178545,67257600.0,173.12259
2023-09-19,177.33303833007812,177.88760394386657,175.4118538031827,175.7980702206982,51826900.0,173.66516
2023-09-20,173.7877655029297,177.95692035427507,173.69862701203755,177.52118590379774,58436200.0,174.79744
2023-09-21,172.24290466308594,174.5899263869401,172.1735915074449,172.8569010557525,63149100.0,174.96815
2023-09-22,173.0945587158203,175.36235454947433,172.36174626663464,172.97572753179696,56725400.0,174.32765
2023-09-25,174.37203979492188,175.2534062611611,172.46075278406465,172.51027081019092,46172700.0,173.7462
2023-09-26,170.29197692871094,173.50053892393993,169.9948839374697,173.12423523842645,64588900.0,173.65932
2023-09-27,168.7768096923828,171.3614931122097,167.4102060653185,170.94556895520947,66921800.0,172.72604
2023-09-28,169.03431701660156,170.36131544966938,165.99408862675534,167.69740591218968,56294400.0,171.3084
2023-09-29,169.5492706298828,171.39122924497295,168.68769934956754,170.3514112168,51861100.0,170.11882
2023-10-02,172.0646514892578,172.60931959526494,169.2719978061565,169.55919331240622,52164500.0,169.45049
2023-10-03,170.72775268554688,171.94583284163102,169.16309162808642,170.589111258527,49594600.0,169.81549
2023-10-04,171.97549438476562,172.52016238398562,169.3115850792172,169.43041623876405,53020300.0,170.15794
2023-10-05,173.21339416503906,173.74814957044222,171.00501406167223,172.1042477774046,48527900.0,170.74333
2023-10-06,175.7683868408203,176.2635369377298,171.5001803124036,172.11417670790303,57266700.0,171.60132
2023-10-09,177.25379943847656,177.31321501974588,174.09474007424367,175.09493761742715,42390800.0,173.01787
2023-10-10,176.65963745117188,177.97673842144718,176.2239029815132,176.37245706568626,43698000.0,174.68277
2023-10-11,178.05596923828125,178.10548726772782,175.87731193966172,176.4714829606774,47551100.0,175.86653
2023-10-12,178.95713806152344,180.57131695227565,177.30332359387822,178.3233466007442,56743100.0,176.92052
2023-10-13,177.1151580810547,180.1652687325389,176.41203844407568,179.66022118086906,51427100.0,177.87698
2023-10-16,176.98643493652344,177.3429435766639,174.79786506856496,175.03554253225204,52517000.0,178.05782
2023-10-17,175.43165588378906,176.6893412361662,173.1044597256959,174.93650583601004,57549400.0,177.84537
2023-10-18,174.13436889648438,175.85749653944856,173.4114540423014,173.87689630601963,54764400.0,177.11165
2023-10-19,173.75807189941406,176.11497599372035,173.49068662646167,174.33243269200634,59302900.0,176.01286
2023-10-20,171.20306396484375,173.718419244541,170.96538653172513,173.60948564320893,64244000.0,174.94473
2023-10-23,171.32191467285156,172.32211231863303,168.2816861592976,169.25219112217718,55980100.0,173.4921
2023-10-24,171.75765991210938,171.98542471489895,169.78695717971306,171.37144345921354,43816600.0,172.29199
2023-10-25,169.4403533935547,171.38133313025827,168.99470625930118,170.2127862637829,57157000.0,171.61108
2023-10-26,165.27117919921875,169.71763198356828,164.06301189675906,168.71741923518283,70625300.0,170.7154
2023-10-27,166.58827209472656,167.32109955610002,165.21175565878588,165.29098147440297,58499100.0,168.89557
2023-10-30,168.63816833496094,169.50963710831374,167.23194424845474,167.38049830433684,51131000.0,167.51979
2023-10-31,169.113525390625,169.24225410780494,166.27135428067592,167.70730128574397,44846000.0,167.1977
2023-11-01,172.28248596191406,172.53995851269775,168.4698250558493,169.34129385969914,56934900.0,167.50981
2023-11-02,175.84759521484375,176.0555497728662,173.75806140886317,173.8174769968696,77334800.0,168.8357
2023-11-03,174.93650817871094,175.10487249469713,171.66852990822986,172.5498964006483,79829200.0,171.1689
2023-11-06,177.49148559570312,177.68954259678722,174.50079012453784,174.66913933099835,63841300.0,173.08145
2023-11-07,180.0563507080078,180.6703318638797,177.23398970359145,177.4419442386158,70530000.0,175.01692
2023-11-08,181.1159820556641,181.6705476858897,179.82858892219454,180.5812266581694,49340300.0,177.12857
2023-11-09,180.64065551757807,182.3340603263788,180.0464693782347,181.18532362684607,53763500.0,179.03616
2023-11-10,184.8351287841797,185.00371491529177,181.98922784820687,182.425536381392,66133400.0,180.2385
2023-11-13,183.24856567382807,184.46823531200093,182.66352248721637,184.26000678217756,43627500.0,181.94133
2023-11-14,185.86639404296875,186.53076740007103,184.7359652497266,186.1242058271512,60108400.0,182.96262
2023-11-15,186.4315948486328,187.909091303821,186.20353000343164,186.2729495954029,53790500.0,184.13464
2023-11-16,188.11734008789065,189.35684600106327,187.0662263637428,187.9785160308428,54412900.0,185.19267
2023-11-17,188.09750366210935,188.78171334674664,186.98691120628507,188.65279989002156,50922700.0,186.36784
2023-11-20,189.8427276611328,190.29887250675844,188.2859160609316,188.2958266614519,46505100.0,187.26958
2023-11-21,189.03955078125,189.91216790391465,188.14711245538987,189.80309076358157,38134500.0,188.28577
2023-11-22,189.7039031982422,191.31029805901488,189.22793715258507,189.88239992204348,39617700.0,188.86229
2023-11-24,188.3751373291016,189.2973223945837,187.66118076777323,189.26757546541884,24048300.0,189.29004
2023-11-27,188.1966552734375,189.0692722786972,187.31412766791345,188.3255687303111,40552600.0,189.19002
2023-11-28,188.80154418945312,189.47584330827428,187.80993940877175,188.1867540672509,38415400.0,188.85934
2023-11-29,187.7801818847656,190.47734794655037,187.3835460471391,189.2973359031836,43014200.0,188.67607
2023-11-30,188.35531616210935,188.7222202024886,186.61009727764167,188.2462390361622,48794400.0,188.32535
2023-12-01,189.63449096679688,189.9517966073436,187.64135580786584,188.73212704562349,45704800.0,188.15457
2023-12-04,187.83966064453125,188.45446581331387,185.87628768397204,188.38504622543272,43389500.0,188.43536
2023-12-05,191.79620361328125,192.76797210608757,188.58339853026052,188.61316059527184,66628400.0,188.35158
2023-12-06,190.70545959472656,193.12496281511596,190.49721591044624,192.8175677203081,41089700.0,189.19899
2023-12-07,192.63905334472656,193.3629205543118,191.96475426663108,192.0044269286476,47477700.0,189.89998
2023-12-08,194.0669403076172,194.34458838141987,192.0440584777004,192.5696076981615,53406400.0,190.88501
2023-12-11,191.55821228027344,191.86562248491865,189.8129932403368,191.4888078106811,60943700.0,192.10124
2023-12-12,193.0753631591797,193.08527375940776,190.1104595767513,191.45904261144972,52696900.0,192.42963
2023-12-13,196.29808044433597,196.3377379763236,193.214189106248,193.45216455954895,70404200.0,192.7302
2023-12-14,196.44680786132807,197.94412551234103,194.51318172109637,196.3575670696298,66831600.0,193.7798
2023-12-15,195.91136169433597,196.73438033852585,195.34613971264017,195.87168903034603,128538400.0,194.87988
2023-12-18,194.24546813964844,194.9792611555933,192.75806090539805,194.44378607807735,55751900.0,195.57524
2023-12-19,195.28663635253903,195.29654695271063,194.2454483684032,194.51318587990949,40714100.0,195.48897
2023-12-20,193.19435119628903,196.0204155959587,193.19435119628903,195.24696511767544,52242800.0,195.39026
2023-12-21,193.04559326171875,195.42545358966169,191.875506993429,194.45368523269556,46482500.0,194.74539
2023-12-22,191.9747009277344,193.76950324713707,191.3499850437056,193.5414232423936,37149600.0,194.0148
2023-12-26,191.4292755126953,192.2622197647221,191.2111212851617,191.9845716807132,28919300.0,193.1506
2023-12-27,191.5284423828125,191.87551008122907,189.4857391150024,190.8739947779816,48087700.0,192.31488
2023-12-28,191.9548492431641,193.0257841884141,191.5482876644632,192.51014548202977,34049900.0,191.73422
2023-12-29,190.9136657714844,192.76796185552627,190.12037892679612,192.27215946893213,42672100.0,191.51996
2024-01-02,184.0814971923828,186.8579933979713,182.34618895522584,185.5788148528252,82488700.0,191.23686
2024-01-03,182.70318603515625,184.3195067154423,181.8900628291485,182.67343910134508,58414500.0,189.21323
2024-01-04,180.3828125,181.552898769594,179.36146088139282,180.62078794157884,71983600.0,186.68364
2024-01-05,179.65895080566406,181.22568820887324,178.6574354024576,180.46216340525032,62379700.0,183.9878
2024-01-08,184.00218200683597,184.0418546715341,179.97626898919978,180.56131218264795,59144500.0,181.73009
2024-01-09,183.585693359375,183.5956039593173,181.1959224035276,182.37593441619447,42841800.0,181.36395
2024-01-10,184.6268768310547,184.8351053395885,182.3759299825551,182.8023278606972,46792900.0,181.73927
2024-01-11,184.03189086914065,185.47964021736215,182.0784286307964,184.97391219655432,49128400.0,182.61395
2024-01-12,184.3591461181641,185.17226924419936,183.63527891547236,184.49797017252533,40477800.0,183.32202
2024-01-16,182.08837890625,182.71307958868687,179.41103406753936,180.63071876275188,65603000.0,183.88095
2024-01-17,181.14634704589844,181.39424823145328,178.786338048284,179.74819585869176,47317400.0,183.64238
2024-01-18,187.04641723632807,187.55213023449687,184.2699207854721,184.52773258500528,78005800.0,182.90456
2024-01-19,189.95181274414065,190.3385380102556,187.23482528040057,187.74053828049293,68903000.0,183.69695
2024-01-22,192.26222229003903,193.69013538694645,190.6459018913611,190.68557454998964,60133900.0,185.63817
2024-01-23,193.54139709472656,194.10661903356933,192.20273983497611,193.3827518428589,42355600.0,188.14873
2024-01-24,192.8671112060547,194.73133285541883,192.70845082511164,193.7793857004472,53631300.0,190.57767
2024-01-25,192.5398712158203,194.6222470129892,191.4887727178786,193.58105911440475,54822100.0,192.1656
2024-01-26,190.8045654296875,193.12491668531047,190.3285994330514,192.63904008919584,44594000.0,192.91823
2024-01-29,190.1203765869141,190.5864320350317,187.98843240307312,190.3980247095346,47145600.0,192.67218
2024-01-30,186.4613342285156,190.18977744614463,185.89612743839436,189.33699683048337,55859400.0,191.90147
2024-01-31,182.85189819335935,185.52924295226455,182.80233006356883,185.4697339612798,55467800.0,190.14209
2024-02-01,185.291259765625,185.38050055962896,182.2767880551107,182.4453590429028,64885400.0,187.49542
2024-02-02,184.2897491455078,185.75731994134992,177.74515173237538,178.35003123610636,102551700.0,185.81284
2024-02-05,186.1043701171875,187.6611968198497,184.27982102914157,186.57042555488331,69668800.0,184.66783
2024-02-06,187.71078491210935,187.7206955127049,185.2020260688322,185.291266866256,43490800.0,184.52061
2024-02-07,187.81988525390625,189.44611666314967,187.0265983182702,189.0395550281664,53439000.0,185.23993
2024-02-08,186.73899841308597,187.94874218828468,185.7771406742971,187.80000754030144,40962000.0,186.16306
2024-02-09,187.5035095214844,188.63538073939827,186.65956394365637,187.30492339729363,45155200.0,186.66225
2024-02-12,185.81561279296875,187.32477942159008,185.4581789901372,187.07656192379025,41781900.0,187.07747
2024-02-13,183.72067260742188,184.8823439309324,182.20158259974824,184.4454786725173,56529500.0,186.90633
2024-02-14,182.83702087402344,184.2071864451767,181.139221505416,183.9986922104331,54630500.0,185.99968
2024-02-15,182.5490875244141,183.17460050228615,180.05698915939104,182.2413002337134,65434500.0,184.80087
2024-02-16,181.01014709472656,183.5320456548448,180.37471083115267,182.1122335213933,49752500.0,183.71121
2024-02-20,180.26548767089844,181.12927978468983,178.7166127841021,180.49384354523508,53665600.0,182.5372
2024-02-21,181.02008056640625,181.5860086349742,179.37191259479573,180.64278508736416,41371400.0,181.43977
2024-02-22,183.05545043945312,183.64125529629035,181.15908011476063,182.17179668082835,52292200.0,180.85399
2024-02-23,181.21864318847656,183.72066477086588,180.9307023940782,183.6908798817894,45119700.0,181.15729
2024-02-26,179.8683319091797,181.45691481099772,179.36195851579282,180.94063332165365,40867400.0,181.26057
2024-02-27,181.3278350830078,182.6086305908225,178.27971721132093,179.80874534467284,54318900.0,180.9206
2024-02-28,180.12648010253906,181.814356133641,178.84568442217187,181.2087048057168,48953900.0,180.87895
2024-02-29,179.46128845214844,181.26831948615475,178.2499855974841,179.97758519757838,136682600.0,180.64743
2024-03-01,178.3790283203125,179.24282037465971,176.11528592616577,178.26981201401622,73563100.0,180.23083
2024-03-04,173.85153198242188,175.63868574855184,172.55085963930404,174.89403329600003,81510100.0,179.56438
2024-03-05,168.90704345703125,170.8133520831047,168.41060844555398,169.5424796657224,95132400.0,177.78798
2024-03-06,167.91419982910156,170.0190949106372,167.47733452633008,169.84037040041403,68587700.0,174.74504
2024-03-07,167.79502868652344,169.51268953107953,167.28867044448495,167.9439531253601,71765100.0,171.71402
2024-03-08,169.51271057128906,172.46153602621885,167.7354797306053,167.7950495135339,76267000.0,169.4163
2024-03-11,171.51829528808594,173.13667826239134,170.8232893067872,171.7069430151515,60139500.0,168.44174
2024-03-12,171.99488830566406,172.78918743932962,169.79071540599014,171.9154568772979,59825400.0,168.7766
2024-03-13,169.9098663330078,171.9551763303205,169.54249409126064,171.53817270319811,52488700.0,169.69513
2024-03-14,171.7665252685547,173.06718266017282,170.82330171470906,171.67717059661035,72913500.0,170.09386
2024-03-15,171.38922119140625,171.38922119140625,169.0758321837892,169.94956266563446,121752700.0,170.68318
2024-03-18,172.4813995361328,176.4429567936847,172.2828285408912,174.31821532960825,75604200.0,171.09856
2024-03-19,174.82456970214844,175.350789645184,171.7963128554373,173.09697026746844,55215200.0,171.62506
2024-03-20,177.39610290527344,177.39610290527344,173.84162605000233,174.467139074951,53423100.0,172.66718
2024-03-21,170.14813232421875,176.22450721449738,169.6219124199128,175.78764197696165,106181300.0,174.31465
2024-03-22,171.05166625976562,171.8161805084586,168.8474933401544,170.5353695457136,71160100.0,173.8879
2024-03-25,169.63185119628906,170.7140758962492,168.24182406010684,169.3538487990515,54288300.0,172.99138
2024-03-26,168.49998474121094,170.19778406175462,168.37090678526505,168.78791039294236,57388400.0,171.74207
2024-03-27,172.07431030273438,172.36225110852925,168.89712909220745,169.19499314475576,60273300.0,170.36624
2024-03-28,170.25735473632812,171.00200728609337,169.29426955996547,170.5254338962422,65672700.0,170.21074
2024-04-01,168.8177032470703,170.02900599080004,168.2716216576847,169.9694362083208,46240500.0,170.1035
2024-04-02,167.6361846923828,168.13261974429108,167.0305333230549,167.87447897129715,49329500.0,169.68355
2024-04-03,168.44039916992188,169.46305411699578,167.37803608655156,167.5865303145986,47691700.0,168.94566
2024-04-04,167.61631774902344,170.69420560535343,167.61631774902344,169.07582268557752,53704400.0,168.47916
2024-04-05,168.37091064453125,169.17513298848516,167.74539764368038,168.3808338913719,42104800.0,168.02493
2024-04-08,167.24896240234375,167.99361496437555,167.04046816897213,167.82482886831443,37425500.0,167.89241
2024-04-09,168.46026611328125,168.86734648560252,167.1496854743383,167.49718091534808,42373800.0,167.63347
2024-04-10,166.58375549316406,167.88441298860536,165.9185342989306,167.59648730602532,49709300.0,167.7106
2024-04-11,173.79197692871094,174.208995705804,166.9610408919762,167.13975023930564,91070300.0,167.41602
2024-04-12,175.29119873046875,177.08829097776882,172.96788660357228,173.0175179827845,101670900.0,168.92625
2024-04-15,171.45872497558594,175.37063525095596,171.27007724910962,174.10968609239896,73531800.0,171.15697
2024-04-16,168.1723175048828,172.5210775974863,167.0702312509368,170.52541444574328,73711200.0,172.12091
2024-04-17,166.8021697998047,169.43326939438705,166.8021697998047,168.4006911997193,50901200.0,171.49097
2024-04-18,165.84901428222656,167.4376124969012,165.36251763085394,166.83196113193097,43122900.0,170.0223
2024-04-19,163.8235626220703,165.21357466916862,162.9101239696921,165.02494208062998,68149400.0,168.3267
2024-04-22,164.65756225585938,166.06743588145892,163.59519920100377,164.33985172403135,48116400.0,166.4332
2024-04-23,165.71002197265625,165.85896158515186,163.744143317683,164.17108536017497,49537800.0,165.15146
2024-04-24,167.8148956298828,168.09289802448964,165.02493328758231,165.35256706337344,48251800.0,164.70865
2024-04-25,168.67868041992188,169.3935480180457,166.95108119945704,168.32124662085997,50558300.0,165.26749
2024-04-26,168.0928955078125,170.1183436596222,167.97374080476908,168.66876193087458,44838400.0,166.32272
2024-04-29,172.26295471191406,174.7749147415349,171.86581274952138,172.1338767566388,68169400.0,167.17233
2024-04-30,169.1155548095703,173.74233280675443,168.78790588015656,172.09416491333778,65934800.0,168.81892
2024-05-01,168.0928955078125,171.47858587357683,167.90424778215495,168.37089789825708,50383100.0,169.5433
2024-05-02,171.79629516601562,172.1835138606425,169.67155396857694,171.27999852318183,94214900.0,169.45935
2024-05-03,182.07254028320312,185.66672552286605,181.35767253443083,185.31921489638069,163224100.0,170.02725
2024-05-06,180.41441345214844,182.8866500436298,179.13360267463952,181.04984964293004,78569700.0,173.37712
2024-05-07,181.09950256347656,183.5816778461448,180.02721617336002,182.14201921219637,77305800.0,176.5366
2024-05-08,181.4370880126953,181.7647369645701,180.15627709627628,181.5463043299869,45057100.0,179.01115
2024-05-09,183.25405883789065,183.3434135192828,180.81159149652717,181.2583800534848,48983000.0,180.65991
2024-05-10,181.9913787841797,184.01957427538,181.0767011963408,183.83067066594327,50759500.0,182.01901
2024-05-13,185.20269775390625,186.01796278299403,183.5522942832241,184.36755931231187,72044800.0,182.55963
2024-05-14,186.34603881835935,187.2110177098357,185.2126323262415,186.4255779791011,52393600.0,183.46718
2024-05-15,188.6228179931641,189.5474323621825,186.2864023770235,186.8232879601364,70400000.0,184.56279
2024-05-16,188.7420959472656,189.99481870677727,188.5631442219314,189.36845732702145,52845200.0,186.04192
2024-05-17,188.7719268798828,189.70649303935696,188.08591490450095,188.4140082479681,41282900.0,187.31401
2024-05-20,189.9351501464844,190.8100656899344,187.91689147556076,188.23504809883084,44361300.0,188.18257
2024-05-21,191.2375946044922,191.6153866469515,189.815856788038,189.98487181213304,42309400.0,188.9688
2024-05-22,189.79595947265625,191.70486886169917,189.1696132758398,191.158046649762,34648500.0,189.85323
2024-05-23,185.7992248535156,189.89539287135,185.55067067436465,189.87550428926585,51005900.0,190.16028
2024-05-24,188.88128662109372,189.4778227162681,186.9525037733123,187.7280067652561,36327000.0,189.1092
2024-05-28,188.8912353515625,191.88382214222983,188.00638309980087,190.40243380522855,52280100.0,188.60599
2024-05-29,189.18951416015625,191.13818582461727,188.41402624535667,188.5134539967084,53068000.0,188.43086
2024-05-30,190.1837158203125,191.06856812279528,189.52754429358757,189.6567821553814,49889100.0,188.51314
2024-05-31,191.13815307617188,191.4563096895504,188.81168973037515,190.3328400080532,75158300.0,188.94298
2024-06-03,192.9078826904297,193.8623374845637,191.4066207978332,191.784412862338,50080500.0,189.6552
2024-06-04,193.2260284423828,194.19041988861156,191.91365507081835,193.51434462038463,47471400.0,190.7674
2024-06-05,194.7372131347656,195.7612550851036,193.7429964707061,194.26993008901428,54156800.0,191.8359
2024-06-06,193.3552703857422,195.3635924798522,193.04706561878615,194.55827933508485,41181800.0,193.01488
2024-06-07,195.75132751464844,195.80104138427976,193.0172315608974,193.5242766218339,53103900.0,193.56245
2024-06-10,192.00314331054688,196.1589774177998,191.03875180216343,195.7612815959928,97010200.0,194.35544
2024-06-11,205.95199584960935,205.96194772636147,192.51019617172983,192.5300695841464,172373300.0,194.0334
2024-06-12,211.8377685546875,218.92652361101457,205.7034379048798,206.1707209873844,198134300.0,197.06046
2024-06-13,213.00099182128903,215.49647028335949,210.37626033331,213.49810017257707,97862700.0,202.14954
2024-06-14,211.2611083984375,213.9256018265929,210.07798811856895,212.613243693924,70122700.0,207.0403
2024-06-17,215.41696166992188,217.6837748595555,211.4898081720374,212.1360430521221,93728300.0,210.1114
2024-06-18,213.0507049560547,217.3656172672209,211.7681719978675,216.3316233309755,79943300.0,212.77641
2024-06-20,208.4673614501953,213.00100258632773,207.64217489543017,212.6927826496957,86172500.0,213.89935
2024-06-21,206.29005432128903,210.66460227969185,205.91224707350656,209.17327704334383,241805100.0,212.88387
2024-06-24,206.936279296875,211.4699053713697,205.39524025887107,206.51871007112356,80727000.0,210.70726
2024-06-25,207.86090087890625,210.15753911842552,207.40355450398363,207.94042486793816,55549700.0,208.79237
2024-06-26,212.01670837402344,213.6173978459433,209.42180221570723,210.2768291728298,66213200.0,207.70221
2024-06-27,212.8618011474609,214.49231592564604,211.12192192565487,213.44838535845383,49772700.0,208.32509
2024-06-28,209.40191650390625,214.8204096554565,209.08377504858177,214.52214161134157,82542700.0,209.6821
2024-07-01,215.49647521972656,216.25207446959735,210.6944066158183,210.86342163866271,60402900.0,210.06741
2024-07-02,218.99612426757807,219.10548871515067,213.85602557275527,214.8999410071237,58046200.0,211.63324
2024-07-03,220.2687225341797,220.2687225341797,217.76329209306172,218.7276835478024,37369800.0,214.16888
2024-07-05,225.0310211181641,225.14038557018992,220.3681420180832,220.3681420180832,60412400.0,216.75972
2024-07-08,226.50247192382807,226.53229721329785,221.95889400104969,225.7766827586142,59085900.0,219.97899
2024-07-09,227.3574981689453,228.07333550260196,225.0608597111907,226.61183554393173,48076100.0,222.9687
2024-07-10,231.6326141357422,231.7320418789461,227.9241899064988,227.9739037781008,62627700.0,225.29964
2024-07-11,226.25392150878903,231.04603853364384,224.4643282580064,230.0518217466028,64710600.0,227.89972
2024-07-12,229.2067108154297,231.2945719488415,227.3574671508641,227.59608461971035,53046500.0,228.41429
2024-07-15,233.04440307617188,235.8580383346859,231.7419815445035,235.11237576276483,62631300.0,228.79814
2024-07-16,233.4619903564453,234.9036016458956,230.9863851256273,233.64094209406048,43234300.0,230.02483
2024-07-17,227.5563507080078,230.12143192510837,225.32929956891292,228.1230464069532,57345900.0,231.33313
2024-07-18,222.8834991455078,229.10730558155055,220.9845567217071,228.94822726389444,66034600.0,230.71947
2024-07-19,223.01275634765625,225.4883615119168,221.9887143107171,223.5198165983548,49151500.0,228.2903
2024-07-22,222.664794921875,226.4626951020567,221.799816014305,225.6971439398997,48201800.0,225.84103
2024-07-23,223.70870971679688,225.6275559695254,221.3921828247117,223.07241159149987,39960300.0,223.91826
2024-07-24,217.276123046875,223.4999296447353,215.8742889513949,222.70455320631825,61777600.0,222.99138
2024-07-25,216.2321929931641,219.57276167257183,213.37878078186108,217.6638522810165,51391200.0,220.975
2024-07-26,216.69949340820312,218.2206438494584,214.76075857434796,217.4352041073067,41601300.0,218.83524
2024-07-29,216.97787475585935,218.0317421116191,214.50226952108,215.70527849563507,36311800.0,217.3433
2024-07-30,217.5346221923828,219.05577256608925,214.87011348402856,217.92236610782675,41643800.0,216.57922
2024-07-31,220.795654296875,222.5255968769169,219.3540430654452,220.1593561933901,50036300.0,216.46594
2024-08-01,217.09718322753903,223.1817852498598,215.76493634313653,223.07242079394348,62501000.0,217.52928
2024-08-02,218.58848571777344,224.29529507499743,216.45092586682145,217.88258518105536,105568600.0,217.78094
2024-08-05,208.0597381591797,212.26527065556357,194.866477978878,197.9386040162881,119548600.0,218.08295
2024-08-06,206.03152465820312,208.7755724881847,199.90716125146164,204.1126936889009,69660500.0,215.49434
2024-08-07,208.6065673828125,212.40446750854989,205.1963960152132,205.70344110024527,63516400.0,211.9627
2024-08-08,212.07638549804688,212.9612378528938,207.62229843313003,211.87754516998305,47161100.0,209.65039
2024-08-09,214.98944091796875,215.5263113015057,210.7441310403627,210.8733840757052,42201600.0,209.32225
2024-08-12,216.5222930908203,218.49311650663688,214.60124108809117,215.0690650325273,38028100.0,210.63823
2024-08-13,220.24497985839844,220.86210287308924,217.99543949730665,217.99543949730665,44155300.0,212.68054
2024-08-14,220.69288635253903,221.9968153653892,218.68223972219693,219.54821978702563,41960600.0,215.4901
2024-08-15,223.6790008544922,224.3060872818483,221.72807374055304,223.5595616066544,46414000.0,217.9783
2024-08-16,225.0028381347656,225.77922361016536,222.6139468974481,222.88270038911836,44340200.0,220.49461
2024-08-19,224.84356689453125,224.94310972106825,222.00676340736013,224.6743562399008,40687800.0,222.69307
2024-08-20,225.460693359375,226.11763957317405,224.4056062095116,224.72413110884565,30299000.0,224.12532
2024-08-21,225.3512115478516,226.9238941294544,224.00747444255487,225.4706659840429,34765500.0,225.03107
2024-08-22,223.4898681640625,227.28221598709212,222.86278176595104,226.7347608131935,43695300.0,225.43814
2024-08-23,225.78916931152344,227.16278137803025,223.29080225181497,224.61464290366072,38677300.0,225.02226
2024-08-26,226.12759399414065,226.22713682494347,222.85284141893555,225.7095414433551,30602200.0,225.00993
2024-08-27,226.97366333007807,227.7898720189865,223.8482098014285,224.9530683997657,35934600.0,225.22264
2024-08-28,225.4407958984375,228.7951795929336,224.6345354462772,226.86416416696267,38052200.0,225.6918
2024-08-29,228.7255096435547,231.8410150307569,227.8197366882459,229.03408635152132,51906300.0,225.71907
2024-08-30,227.9391632080078,229.33267166766268,226.42620031745173,229.123652992766,52990800.0,226.46599
2024-09-03,221.738037109375,227.9391727978887,220.1454429272487,227.4912604304481,50190600.0,227.0647
2024-09-04,219.8269195556641,220.75260404502964,216.47252073588623,220.6331648046219,43840200.0,225.78326
2024-09-05,221.34983825683597,224.43546851590304,220.49382156548631,220.60331260233696,36615400.0,223.628
2024-09-06,219.79705810546875,224.1965806221913,218.75191919539128,222.9125480449781,48423000.0,222.10481
2024-09-09,219.8866424560547,220.24497537072617,215.7061019102892,219.79706302441252,67180000.0,220.79709
2024-09-10,219.09034729003903,220.45399594379384,215.72600018375596,217.905857501112,51591000.0,219.95715
2024-09-11,221.6285400390625,222.05654079085224,216.8806326219321,220.43410202901995,44587100.0,219.31548
2024-09-12,221.738037109375,222.51442259643304,218.8017058249269,221.46928361366915,37455600.0,219.61856
2024-09-13,221.46926879882807,223.00212806640087,220.8820056188433,222.54426752163744,36766600.0,220.23984
2024-09-16,215.3179168701172,216.21374159471785,212.9290256243428,215.5368837592455,59357400.0,220.7639
2024-09-17,215.78570556640625,215.89519659483264,213.50632075947797,214.75053008791312,45519300.0,219.46718
2024-09-18,219.6676788330078,221.6783256446234,216.53226176931295,216.54222516573407,59894900.0,217.95744
2024-09-19,227.8097686767578,228.75538000957172,223.58941994126667,223.94775287051627,66781300.0,217.78506
2024-09-20,227.1428680419922,232.01021467188832,226.5655530501552,228.90467282845125,318679900.0,220.35501
2024-09-23,225.4208984375,228.3870895913876,224.76395218553373,226.28686337720748,54146000.0,223.1168
2024-09-24,226.31671142578125,228.28755007923567,224.6843092769655,227.59078065470555,43556100.0,224.78343
2024-09-25,225.3213348388672,226.2370711111093,222.9822303399746,223.8880032168873,42308700.0,225.83559
2024-09-26,226.4660186767578,227.44147457763864,224.3657926365912,226.24703661091277,36636700.0,226.0826
2024-09-27,226.73475646972656,228.45675318264773,226.24703611440785,227.40166606122023,34026000.0,226.25072
2024-09-30,231.92063903808597,231.92063903808597,228.5861516719536,228.97434440874213,54541900.0,226.39359
2024-10-01,225.1620941162109,228.5861456381701,222.70353511874544,228.45675818805825,63285000.0,227.88185
2024-10-02,225.7294464111328,226.31670960653597,221.9868699797652,224.84356992020332,32880600.0,227.63612
2024-10-03,224.6245880126953,225.759306386038,222.28548343692836,224.09704443839323,34044200.0,226.97678
2024-10-04,225.7493438720703,226.94378179124595,223.0917145657714,226.84423896960536,37245100.0,226.01392
2024-10-07,220.6630401611328,224.64451046166124,220.3047072265611,223.4600206171574,39505400.0,225.4897
2024-10-08,224.72413635253903,224.933155033014,222.2158058701156,223.26094483680063,31855700.0,223.89478
2024-10-09,228.4766540527344,228.68568791487783,223.78848153487695,224.18662246797504,33591100.0,223.42757
2024-10-10,227.97897338867188,228.43684913724616,226.11764095959848,226.72481576308653,28183500.0,224.51291
2024-10-11,226.4958953857422,228.3472796881356,226.28686151162023,228.23778864704397,31759200.0,225.77896
2024-10-14,230.22853088378903,230.65653166515415,227.54104137845857,227.640569026446,39882100.0,226.40054
2024-10-15,232.7666931152344,236.38983016358188,231.29353829774288,232.527799450427,64751400.0,227.63171
2024-10-16,230.70628356933597,231.0447048824563,228.7752681420796,230.52712470524972,34082200.0,229.44052
2024-10-17,231.07456970214844,232.76670668063704,229.4521309302649,232.348638945834,32993800.0,230.42409
2024-10-18,233.91136169433597,235.0858880500012,232.92594240501305,235.0858880500012,46431500.0,230.93788
2024-10-21,235.38449096679688,235.752787252213,233.36389625282135,233.36389625282135,36254500.0,231.88945
2024-10-22,234.76739501953125,235.12572795126604,231.52250221800776,232.80651969699693,38846600.0,233.13269
2024-10-23,229.6909942626953,234.05070868615385,226.70489182210235,232.99562158724072,52287000.0,233.979
2024-10-24,229.5019073486328,229.75074924052936,227.35190975750177,228.9146289407981,31109500.0,233.0677
2024-10-25,230.3380126953125,232.13962556438537,228.5065400142299,228.6757506783198,38802300.0,231.68684
2024-10-28,232.31878662109372,233.6426273223557,231.4727332926884,232.23917058038825,36087100.0,230.69815
2024-10-29,232.5875396728516,233.24448591818896,231.24380255804743,232.02018805231756,35417200.0,230.64795
2024-10-30,229.0340881347656,232.38847204702165,228.48663292359964,231.53245531359053,47070900.0,231.04176
2024-10-31,224.8634796142578,228.76531846185907,224.32597264925337,228.27758291037028,64370100.0,230.55049
2024-11-01,221.8773651123047,224.3060641552936,219.2495956140762,219.94634980146597,65276700.0,228.74667
2024-11-04,220.9815368652344,221.75792231303785,218.69220372782075,219.96627293386248,44944500.0,226.12558
2024-11-05,222.41488647460935,222.91257027302564,220.11558975602287,220.77253601507732,28111300.0,223.64456
2024-11-06,221.6882476806641,225.02273483375984,220.16533664224423,221.578756649688,54561100.0,222.25699
2024-11-07,226.42620849609372,226.8243646333076,223.52970043689453,223.5894200604507,42137700.0,221.46597
2024-11-08,226.15716552734372,227.8511489598711,225.60910803907555,226.366414165256,38328800.0,222.41464
2024-11-11,223.4368133544922,224.9016146506588,220.7164746065314,224.2040938441064,42005600.0,223.71507
2024-11-12,223.4368133544922,224.79200315214243,222.5698957238352,223.75568869738083,40398300.0,224.09935
2024-11-13,224.3236541748047,225.84824072641777,221.97200184604,223.2175800878685,48566200.0,224.04832
2024-11-14,227.41270446777344,228.06039910056816,224.2040935569292,224.22402706703755,44923900.0,224.07481
2024-11-15,224.2041015625,226.11730807125568,223.4766880681117,225.59914322363005,47923700.0,224.94815
2024-11-18,227.21340942382807,228.92732633570628,224.3734848929754,224.45320372664565,44633700.0,225.03508
2024-11-19,227.4724884033203,229.34584301691132,225.8582238051146,226.1770839408332,36211800.0,225.62444
2024-11-20,228.18994140625,229.11664435033197,225.0909420304879,227.25326410482543,35169600.0,226.29922
2024-11-21,227.71165466308597,229.3458528412815,224.91159698015457,228.07038183414417,42108300.0,227.02094
2024-11-22,229.05686950683597,229.90386885981252,227.2532745036032,227.2532745036032,38168300.0,227.43364
2024-11-25,232.04624938964844,232.42491005721112,228.92733167542056,230.64124862727573,90152800.0,227.97984
2024-11-26,234.228515625,234.73672132395916,232.50463944229023,232.50463944229023,45986200.0,229.23027
2024-11-27,234.0989532470703,234.8562745603856,232.98291999142185,233.6405889619916,33498400.0,230.99747
2024-11-29,236.490478515625,236.96877632211965,233.14236346053607,233.97938842310504,28481400.0,232.45119
2024-12-02,238.74246215820312,239.9382141945345,236.32106542499287,236.43067691527065,48137100.0,234.04857
2024-12-03,241.79165649414065,241.9012679940841,238.0549215480856,238.96170621081689,38861000.0,235.86995
2024-12-04,242.150390625,243.2465056559754,240.3966217802532,242.01088645785893,44383900.0,238.10716
2024-12-05,242.1802673339844,243.6749612569442,241.2734979097132,243.12691898237583,40033900.0,239.98283
2024-12-06,241.98097229003903,243.7646488451358,241.2236661935451,242.0507319698173,36870600.0,241.21819
2024-12-09,245.8771514892578,246.3654236467989,240.89483838917155,240.97455722335047,44649200.0,241.80963
2024-12-10,246.8935546875,247.33200068563025,244.4721425450312,246.0166626912396,36914800.0,243.04726
2024-12-11,245.6180877685547,249.91283942191652,245.38889040813984,247.08288910248365,45205800.0,244.44403
2024-12-12,247.08287048339844,247.8601100871407,244.81092178998352,246.0166482138882,32777500.0,245.16946
2024-12-13,247.2522735595703,248.40815863747187,245.36895982515324,246.9433725816478,33155300.0,245.8476
2024-12-16,250.1519775390625,250.490786396497,246.7739697560149,247.1127786134494,51694800.0,246.35367
2024-12-17,252.58334350585935,252.93211150871377,248.8964348112852,249.1953766416157,51356400.0,247.44815
2024-12-18,247.1725616455078,253.3805196542609,246.86366065893745,251.26802371656945,56774100.0,249.12187
2024-12-19,248.90640258789065,251.1085917693189,246.2159564313249,246.6245097734382,60882300.0,249.0686
2024-12-20,253.58978271484372,254.097973187486,244.82090844231297,247.1625865233097,147495300.0,248.8807
2024-12-23,254.3670196533203,254.7456651132031,252.55345036958025,253.8687883386418,40858800.0,249.95212
2024-12-24,257.28668212890625,257.2966260773909,254.386956808638,254.5862615131284,23234700.0,251.40036
2024-12-26,258.1037292480469,259.1799258751944,256.7186620602343,257.27667867815336,27237100.0,253.41266
2024-12-27,254.6858673095703,257.7848817480364,252.16481819720389,256.91793375888693,42355300.0,255.3084
2024-12-30,251.3078765869141,252.60328106925755,249.86300878941356,251.33776924994547,35557500.0,255.70073
2024-12-31,249.5341796875,252.38406352835983,248.54767617168997,251.5470385357527,39480700.0,254.50093
2025-01-02,242.98741149902344,248.2188401577881,240.96459363401945,248.0494281352692,55740700.0,252.53423
2025-01-03,242.4991607666016,243.3162522656288,241.0343593963996,242.4991607666016,40244100.0,249.00386
2025-01-06,244.1333465576172,246.45510633108967,242.33971076643533,243.4457849039297,45045600.0,245.71964
2025-01-07,241.3532257080078,244.681407317594,240.496267218822,242.12049100282684,40856000.0,243.84465
2025-01-08,241.84149169921875,242.8479287466886,239.2008716539854,241.0642520177986,37628900.0,242.25508
2025-01-10,236.0121917724609,239.3104808095479,232.17580437363205,239.16100228470236,61710900.0,241.37462
2025-01-13,233.5708465576172,233.8398957390806,228.90740850459227,232.7039288898965,49630700.0,239.4324
2025-01-14,232.45480346679688,235.28475371553364,231.6476711610837,233.91960476413303,39435300.0,236.99014
2025-01-15,237.028564453125,238.11472029161555,233.6007305222416,233.80999436776756,39832000.0,234.71957
2025-01-16,227.4525604248047,237.1680713225123,227.22337827123215,236.51041752509497,71759100.0,234.37
2025-01-17,229.1664581298828,231.46828423922307,227.6717642713697,231.2988874265024,68488300.0,232.24904
2025-01-21,221.85243225097656,223.62613445935492,218.6039696546368,223.20762199269612,98070400.0,230.54385
2025-01-22,223.03823852539065,223.3272060060417,219.01252087308487,219.01252087308487,64126500.0,227.4644
2025-01-23,222.86883544921875,226.2269096463908,221.51364566438272,223.94501691407203,60234800.0,225.02892
2025-01-24,221.991943359375,224.831867935065,220.6267944226493,223.9848686181573,54697900.0,223.4285
2025-01-27,229.04690551757807,231.3287982977573,223.18770026542344,223.2275672861503,94863400.0,222.3506
2025-01-28,237.4171905517578,239.3403714135585,229.9935466927377,230.03341371427896,75707600.0,223.68202
2025-01-29,238.5133056640625,239.01153699982427,233.1822242894862,233.2918357915463,45486100.0,227.85666
2025-01-30,236.7495574951172,239.93823493591583,236.37091202718116,237.82573898228924,55658300.0,232.31935
2025-01-31,235.16519165039065,246.31561143302469,232.61424963136,246.31561143302469,100959800.0,235.24127
2025-02-03,227.2034454345703,231.00994009075865,224.90161912474943,229.1764524471141,73063300.0,236.36151
2025-02-04,231.97650146484372,232.3053359547129,225.84824721606736,226.44613087125,45067300.0,234.30666
2025-02-05,231.64767456054688,231.84696405052935,227.46253445166025,227.72160926815613,39620300.0,232.87524
2025-02-06,232.39501953125,232.9729696905443,229.61488023403817,230.47183871784503,29925300.0,231.90274
2025-02-07,226.8247985839844,233.17226081850333,226.45609706307516,231.77721918613,39707200.0,231.55898
2025-02-10,227.0941162109375,230.02693972945136,226.64521806905947,229.0094413336025,33115600.0,230.03563
2025-02-11,232.052001953125,234.6556296697615,227.57297502290857,227.64279618723117,53718400.0,228.56555
2025-02-12,236.29161071777344,236.38140252594317,230.11672290007743,230.63545743654387,45243300.0,228.83836
2025-02-13,240.94024658203125,241.7482663414184,234.99480784534867,236.33153226758247,53614100.0,230.84857
2025-02-14,244.00274658203125,244.9504238462646,240.40156080072012,240.66092045804317,40896200.0,234.26802
2025-02-18,243.87306213378903,244.5813199542748,241.2494791133952,243.55383619329416,48822500.0,238.1582
2025-02-19,244.27207946777344,245.40929524371265,242.56626341463,244.0626007630516,32204200.0,241.15152
2025-02-20,245.229736328125,246.1774135823035,243.69348816231408,244.34191013103748,32316900.0,243.10637
2025-02-21,244.95042419433597,248.08275639920348,244.6212281548445,245.34944139409683,53197400.0,244.37926
2025-02-24,246.49664306640625,248.25234005966587,243.82317911276243,244.3319283268952,51326400.0,244.9418
2025-02-25,246.4367828369141,249.38956194785015,244.3119941197594,247.3944454522674,48013300.0,245.48311
2025-02-26,239.7730865478516,244.3818005030484,238.5460942392985,243.7333937698084,44433600.0,245.82481
2025-02-27,236.72056579589844,241.86796980219768,236.4811463462344,238.82541422357912,41153600.0,244.16441
2025-02-28,241.24948120117188,241.4988707612677,229.63790389196947,236.37142201455796,56833400.0,241.38051
2025-03-03,237.4487762451172,243.43412542285543,235.5334663348245,241.19958958341564,47184000.0,240.13718
2025-03-04,235.3539123535156,239.4838181516717,234.10696453181083,237.1295800554318,53798100.0,238.74951
2025-03-05,235.1643829345703,235.97240266650644,228.67026910680244,234.8451569942085,47227600.0,237.14609
2025-03-06,234.75538635253903,237.27920752401755,232.59068676229825,233.86756011302523,45170400.0,235.85619
2025-03-07,238.4862518310547,240.78062356819368,234.1867631010968,234.53591456798168,46273600.0,234.93059
2025-03-10,226.92454528808597,235.583358769024,223.6725108894593,234.96486230654432,72071200.0,235.42267
2025-03-11,220.3007659912109,225.2885573705892,216.9190440448537,223.2635152882841,76137400.0,233.18993
2025-03-12,216.4501800537109,221.20853706339403,214.38524243690583,219.60246770742089,62547500.0,228.79626
2025-03-13,209.1680145263672,216.3105355217808,207.9110965632093,215.4227092543014,61368300.0,223.71385
2025-03-14,212.96871948242188,213.42758776028128,209.0682630129612,210.7341834889886,60107600.0,217.75879
2025-03-17,213.4774627685547,214.69448503570536,209.4573042902151,212.78914514941675,48073400.0,214.06311
2025-03-18,212.170654296875,214.62463892519543,210.97358751075308,213.6370660568716,42432400.0,212.34004
2025-03-19,214.7144317626953,218.22582565599035,213.2280645696868,213.6969181399133,54385400.0,211.52634
2025-03-20,213.5772247314453,216.9589465476154,211.70181037410745,213.4674927164621,48862900.0,212.00664
2025-03-21,217.73703002929688,218.30563028145065,210.764092813104,211.04340788811464,94127800.0,212.58392
2025-03-24,220.19102478027344,220.9391934559484,218.04628066528423,220.460369765545,44299500.0,214.19414
2025-03-25,223.2036590576172,223.5528105346996,219.5426220965296,220.23093972638688,34493600.0,216.44016
2025-03-26,220.9890594482422,224.4705429297273,219.9316502269997,222.96422035625235,34466100.0,219.15611
2025-03-27,223.30340576171875,224.4406214835582,220.0214308095873,220.8494059295757,37094800.0,220.72916
2025-03-28,217.3679351806641,223.26350805320467,217.1484711493609,221.12873402087155,39818600.0,222.06966
2025-03-31,221.58761596679688,225.06908447075045,215.7020132379398,216.4801074447652,65299300.0,221.33167
2025-04-01,222.64501953125,223.13381331282267,218.36548628233527,219.2732679074421,36412700.0,221.12378
2025-04-02,223.3433074951172,224.6401362151353,220.4803202973195,220.77959080525144,35905900.0,221.40977
2025-04-03,202.69386291503903,206.9833664271943,200.75859747782036,205.03811566571247,103419000.0,221.9867
2025-04-04,187.92002868652344,199.391948603074,186.88255957870848,193.4165691841804,125910900.0,216.98149
2025-04-07,181.0169219970703,193.6759230716255,174.19361217758157,176.76731422169505,160466300.0,207.31618
2025-04-08,171.99899291992188,189.87523506652792,168.79683943762106,186.244123618335,120859500.0,196.54762
2025-04-09,198.3644561767578,200.1201531468693,171.47028013366514,171.53013119082922,184395900.0,185.74112
2025-04-10,189.95504760742188,194.30440235729915,182.55316692796467,188.6083530498886,121880000.0,184.53505
2025-04-11,197.6661529541016,199.05275825525484,185.6056778647687,185.64558871717136,87435900.0,185.24594
2025-04-14,202.02549743652344,212.42005238891585,200.6688176319417,210.9237150406947,101352900.0,188.70883
2025-04-15,201.64642333984372,203.01307326666696,199.31214069618733,201.36710824854453,51343900.0,193.58128
2025-04-16,193.79563903808597,200.2099310657198,191.9002692932641,197.8756484915953,59732400.0,197.69359
2025-04-17,196.4990234375,198.34451232255947,193.9452767059697,196.71848747425943,52164700.0,198.37785
2025-04-21,192.68833923339844,193.32677585155807,189.3465132845993,192.79807124065383,46742500.0,198.27168
2025-04-22,199.25228881835935,201.097762433896,195.49148998245192,195.64111763020085,52976400.0,196.82268
2025-04-23,204.10043334960935,207.4921254657249,202.30482537338813,205.49700887470837,52929200.0,196.93878
2025-04-24,207.8612060546875,208.32008954356945,202.44447210591892,204.38970763388747,47311000.0,198.87988
2025-04-25,208.76898193359372,209.2378355121778,205.69650080604464,205.86608387594285,38222300.0,202.02385
2025-04-28,209.62689208984372,210.9835719319316,206.95344326011443,209.48723454234343,38743100.0,205.05927
2025-04-29,210.69427490234372,211.72175863443917,207.86119803545407,208.18042396697467,36827600.0,207.48753
2025-04-30,211.9811248779297,213.0584895980106,206.16535854293036,208.78894157113288,52286500.0,209.31477
2025-05-01,212.79913330078125,214.0360957896086,208.3899124386699,208.5694808389541,57365700.0,210.75113
2025-05-02,204.8485870361328,206.4845819118293,201.66637387157863,205.58677037884885,101010600.0,211.85284
2025-05-05,198.40435791015625,203.60164304236295,197.72602561272544,202.6040848015313,69018500.0,210.38795
2025-05-06,198.0252685546875,200.16004244803628,196.53891661034845,197.72601327833053,51216500.0,206.60878
2025-05-07,195.7707977294922,198.9530108388585,192.77812311451905,198.6836658614824,68536700.0,202.80156
2025-05-08,197.00778198242188,199.56152863729463,194.20463054641704,197.2372161152265,50478900.0,199.3483
2025-05-09,198.0452423095703,200.0503289543839,197.05765414160052,198.51409591462888,36453900.0,197.2601
2025-05-12,210.5510406494141,211.0305074927824,206.5156271207593,210.7308445260501,63775800.0,196.53302
2025-05-13,212.6886138916016,213.1580823159532,208.76307628033237,210.19144790738707,51909300.0,199.87924
2025-05-14,212.08929443359372,213.69746987061376,210.34127831689767,212.18917192393891,49325800.0,204.53708
2025-05-15,211.21029663085935,212.7185946451233,209.30245815432872,210.71086343228012,45029500.0,208.37639
2025-05-16,211.0205078125,212.32903558469047,209.53220664773164,212.11926693678467,54737900.0,210.67593
2025-05-19,208.54331970214844,209.2425231134968,204.02843943795537,207.67431083672196,46140500.0,211.71536
2025-05-20,206.62550354003903,208.2336790492342,204.79757620413463,207.4345828831543,42496600.0,211.30392
2025-05-21,201.86090087890625,206.8052863577864,200.4824756537251,204.93741112479617,59211800.0,209.9043
2025-05-22,201.13172912597656,202.52015274475195,199.4736073247078,200.4824720941681,46742400.0,207.19464
2025-05-23,195.04864501953125,197.4758830409797,193.2406992850713,193.4504526925712,78432900.0,204.48067
2025-05-27,199.9830474853516,200.51244545494848,197.20618488735448,198.07520901450675,56288500.0,200.84401
2025-05-28,200.1927947998047,202.50017366149785,199.6733800230216,200.3626002526684,45339700.0,199.10902
2025-05-29,199.72332763671875,203.57895243464628,198.28495762525483,203.3492174371598,51396800.0,198.61125
2025-05-30,200.622314453125,201.73105672211125,196.55692105301176,199.143981266816,70819900.0,198.63252
2025-06-02,201.47134399414065,201.9008644592711,199.8931332988897,200.05295557621693,35423300.0,199.119
2025-06-03,203.03956604003903,203.5389992121068,200.7321872237246,201.1217444882778,46381600.0,199.90448
2025-06-04,202.590087890625,206.00620910456837,201.8709028727957,202.6799822074808,43604000.0,201.03262
2025-06-05,200.40257263183597,204.5178973620389,199.92310578136212,203.26931435006065,55126100.0,201.8866
2025-06-06,203.68882751464844,205.4668084267123,201.82095228760733,202.76987228695745,46607700.0,201.8351
2025-06-09,201.2216339111328,205.76647909477697,199.79326227022588,204.15830357568728,72862600.0,202.31787
2025-06-10,202.44024658203125,204.11835001917973,200.34263633745985,200.3726011094186,54672600.0,202.2063
2025-06-11,198.55465698242188,204.2681738718989,198.18508130061548,203.26930749599725,60989900.0,202.22058
2025-06-12,198.97418212890625,199.45363372918547,197.13627162659284,198.85432303920933,43904600.0,201.23532
2025-06-13,196.227294921875,200.1428492549886,195.47814514596445,199.50357538920457,51447300.0,200.2337
2025-06-16,198.195068359375,198.46476655376847,196.33717625414863,197.07634287373045,43020700.0,198.74538
2025-06-17,195.418212890625,198.16509536417732,194.98870767431248,196.9764419642561,38856200.0,197.97816
2025-06-18,196.35714721679688,197.3460303816964,194.84886452825484,195.71787336797544,45394700.0,196.94986
2025-06-20,200.7721405029297,201.4713439140944,196.6368343380514,198.01527480684123,96813500.0,196.35007
2025-06-23,201.2715759277344,202.07067208145293,198.7344620242812,201.40143343464243,55814300.0,197.24422
2025-06-24,200.07293701171875,203.2093768046809,199.9730442780961,202.36033429336192,54064000.0,198.62552
2025-06-25,201.33151245117188,203.43912119943792,200.3925755811161,201.2216365357081,39525700.0,199.53798
2025-06-26,200.7721405029297,202.41028074115465,199.23389299836737,201.20164572639828,50799100.0,200.37515
2025-06-27,200.85205078125,202.98962419564967,199.7732732765776,201.66113009938155,73188600.0,200.80923
2025-06-30,204.9374084472656,207.15489297707504,199.0341046248948,201.7809871041056,91912800.0,200.99117
2025-07-01,207.58441162109372,209.95171998702364,205.90630823197935,206.4357061767528,78788900.0,202.10495
2025-07-02,212.1991729736328,213.09814660534315,207.9040445567577,208.6731759252599,67941800.0,203.98119
2025-07-03,213.30792236328125,214.4066662563,211.56988934364432,211.90950026104147,34955800.0,206.89648
2025-07-07,209.7119903564453,215.9848699115094,208.563300132892,212.43889126622693,50229000.0,209.74132
2025-07-08,209.7719268798828,211.1903153368944,208.213697736729,209.86183643928916,42848900.0,210.84714
2025-07-09,210.9006500244141,211.09043707809712,206.98509558510867,209.2924745188519,48749400.0,211.00496
2025-07-10,212.1692047119141,213.237983779078,209.7918979255535,210.27134950514616,44443600.0,211.0276
2025-07-11,210.92062377929688,211.88952536572023,209.6220944658076,210.33129628612957,39765800.0,211.30627
2025-07-14,208.3834991455078,210.670911689046,207.3047216270235,209.69201166358403,38840100.0,211.26222
2025-07-15,208.8729553222656,211.64980271899068,208.6831682659836,208.9828312368767,42296300.0,210.42667
2025-07-16,209.92176818847656,212.1592191902425,208.40348697906975,210.06160887608692,47490500.0,209.6353
2025-07-17,209.78192138671875,211.5599023237274,209.35240091776063,210.3313009439948,48068100.0,209.3389
2025-07-18,210.9405975341797,211.54990664350103,209.46227954032304,210.63095139102305,48974600.0,209.2743
2025-07-21,212.23912048339844,215.53538252867688,211.39009321998003,211.8595616297783,51377400.0,209.6356
2025-07-22,214.15695190429688,214.7063314773177,211.9894136266437,212.89838571641525,46404100.0,210.41982
2025-07-23,213.9072265625,214.90609293027535,212.1692088371252,214.75626907170556,46989300.0,211.68211
2025-07-24,213.5176696777344,215.44548969662856,213.28793468034505,213.65751035981805,46022600.0,212.73413
2025-07-25,213.63754272460935,214.9960015887686,213.15807589620647,214.45660521718813,40268800.0,213.33047
2025-07-28,213.80735778808597,214.6064539631857,212.81847455673216,213.78737619229815,37858000.0,213.62396
2025-07-29,211.03050231933597,214.5664825639156,210.58101550100253,213.93719187335407,51411700.0,213.76059
2025-07-30,208.81301879882807,212.14922883427735,207.48452469073797,211.65977882345743,45512500.0,213.04935
2025-07-31,207.33470153808597,209.60211724381097,206.92516266487007,208.25365677749065,80698400.0,211.6067
2025-08-01,202.1505889892578,213.33788973606852,201.27158167093611,210.63095505795985,104434500.0,209.85994
2025-08-04,203.11949157714844,207.64435521756303,201.4513712516652,204.27816503495924,75109300.0,207.06885
2025-08-05,202.68995666503903,205.1072113881769,201.93082373064988,203.1694082424696,44155100.0,204.86974
2025-08-06,213.0082550048828,215.1358452662651,205.3569348951669,205.39689808550256,108483100.0,203.352
2025-08-07,219.7805633544922,220.5996410833085,216.33447747046455,218.63187314031333,90224800.0,205.25752
2025-08-08,229.0900115966797,230.73813503605493,219.00145500716468,220.57966572513484,113854000.0,209.81758
2025-08-11,227.17999267578125,229.55999755859372,224.75999450683597,227.9199981689453,61806100.0,216.75986
2025-08-12,229.6499938964844,230.8000030517578,227.07000732421875,228.00999450683597,55626200.0,222.27724
2025-08-13,233.3300018310547,235.0,230.42999267578125,231.07000732421875,69878500.0,226.47098
2025-08-14,232.77999877929688,235.1199951171875,230.8500061035156,234.05999755859372,51916300.0,230.00127
2025-08-15,231.58999633789065,234.27999877929688,229.33999633789065,234.0,56038700.0,232.13045
2025-08-18,230.88999938964844,233.1199951171875,230.1100006103516,231.6999969482422,37476200.0,232.7944
2025-08-19,230.55999755859372,232.8699951171875,229.3500061035156,231.27999877929688,39402600.0,232.4916
2025-08-20,226.00999450683597,230.47000122070312,225.7700042724609,229.97999572753903,42263900.0,231.77257
2025-08-21,224.8999938964844,226.5200042724609,223.77999877929688,226.2700042724609,30621200.0,229.8269
2025-08-22,227.75999450683597,229.08999633789065,225.41000366210935,226.1699981689453,42477800.0,227.6316
2025-08-25,227.16000366210935,229.3000030517578,226.22999572753903,226.47999572753903,30983100.0,226.68338
2025-08-26,229.30999755859372,229.4900054931641,224.69000244140625,226.8699951171875,54575100.0,226.2956
2025-08-27,230.4900054931641,230.8999938964844,228.25999450683597,228.6100006103516,31259500.0,226.8322
2025-08-28,232.55999755859372,233.41000366210935,229.33999633789065,230.82000732421875,38074700.0,227.91408
2025-08-29,232.13999938964844,233.3800048828125,231.3699951171875,232.50999450683597,39418400.0,229.49768
2025-09-02,229.72000122070312,230.8500061035156,226.97000122070312,229.25,44075600.0,230.74666
2025-09-03,238.47000122070312,238.8500061035156,234.3600006103516,237.2100067138672,66427800.0,230.88977
2025-09-04,239.77999877929688,239.8999938964844,236.7400054931641,238.4499969482422,47549400.0,232.95514
2025-09-05,239.69000244140625,241.32000732421875,238.4900054931641,240.0,54870400.0,235.51884
2025-09-08,237.8800048828125,240.1499938964844,236.33999633789065,239.3000030517578,48999500.0,237.57042
2025-09-09,234.3500061035156,238.77999877929688,233.3600006103516,237.0,66313900.0,238.3816
2025-09-10,226.7899932861328,232.4199981689453,225.9499969482422,232.19000244140625,83440800.0,237.53474
2025-09-11,230.02999877929688,230.4499969482422,226.6499938964844,226.8800048828125,50208600.0,234.22485
2025-09-12,234.07000732421875,234.50999450683597,229.0200042724609,229.22000122070312,55824200.0,231.73717
2025-09-15,236.6999969482422,238.19000244140625,235.02999877929688,237.0,42699500.0,231.27504
2025-09-16,238.1499938964844,241.22000122070312,236.32000732421875,237.17999267578125,63421100.0,232.4213
2025-09-17,238.9900054931641,240.1000061035156,237.72999572753903,238.97000122070312,46435200.0,234.29309
