date,sales,day_of_week,day_name,month,month_name,quarter,year,is_weekend,sales_diff
2021-01-01,104.96714153011233,4,Friday,1,January,1,2021,0,
2021-01-02,115.20547308680675,5,Saturday,1,January,1,2021,1,10.238331556694419
2021-01-03,127.87816201181374,6,Sunday,1,January,1,2021,1,12.672688925006995
2021-01-04,126.76141472463675,0,Monday,1,January,1,2021,0,-1.1167472871769917
2021-01-05,92.78419260745234,1,Tuesday,1,January,1,2021,0,-33.97722211718441
2021-01-06,82.91241579116323,2,Wednesday,1,January,1,2021,0,-9.871776816289113
2021-01-07,105.85551352734208,3,Thursday,1,January,1,2021,0,22.943097736178856
2021-01-08,114.32050929836143,4,Friday,1,January,1,2021,0,8.464995771019346
2021-01-09,118.53241741880089,5,Saturday,1,January,1,2021,1,4.21190812043946
2021-01-10,133.45703016183535,6,Sunday,1,January,1,2021,1,14.924612743034459
2021-01-11,113.51642761718628,0,Monday,1,January,1,2021,0,-19.940602544649067
2021-01-12,97.07548302323089,1,Tuesday,1,January,1,2021,0,-16.440944593955393
2021-01-13,94.2662623094383,2,Wednesday,1,January,1,2021,0,-2.809220713792584
2021-01-14,77.50747559907016,3,Thursday,1,January,1,2021,0,-16.758786710368142
2021-01-15,95.9561579300031,4,Friday,1,January,1,2021,0,18.44868233093294
2021-01-16,124.14399018679407,5,Saturday,1,January,1,2021,1,28.18783225679097
2021-01-17,124.42160681576858,6,Sunday,1,January,1,2021,1,0.27761662897451345
2021-01-18,127.7886106739443,0,Monday,1,January,1,2021,0,3.367003858175721
2021-01-19,99.12338432630443,1,Tuesday,1,January,1,2021,0,-28.665226347639873
2021-01-20,84.16803333892865,2,Wednesday,1,January,1,2021,0,-14.95535098737578
2021-01-21,117.7130650615636,3,Thursday,1,January,1,2021,0,33.545031722634945
2021-01-22,117.33403180198344,4,Friday,1,January,1,2021,0,-0.37903325958015444
2021-01-23,136.7970647899983,5,Saturday,1,January,1,2021,1,19.46303298801486
2021-01-24,126.62412095385257,6,Sunday,1,January,1,2021,1,-10.172943836145734
2021-01-25,125.48908108735374,0,Monday,1,January,1,2021,0,-1.135039866498829
2021-01-26,115.56303713730827,1,Tuesday,1,January,1,2021,0,-9.926043950045468
2021-01-27,92.99307572320872,2,Wednesday,1,January,1,2021,0,-22.569961414099552
2021-01-28,112.98560481710494,3,Thursday,1,January,1,2021,0,19.992529093896223
2021-01-29,119.71592422004576,4,Friday,1,January,1,2021,0,6.730319402940822
2021-01-30,139.29220583326708,5,Saturday,1,January,1,2021,1,19.57628161322131
2021-01-31,140.89712955255357,6,Sunday,1,January,1,2021,1,1.6049237192864894
2021-02-01,155.45191654991032,0,Monday,2,February,1,2021,0,14.554786997356757
2021-02-02,120.26711384156526,1,Tuesday,2,February,1,2021,0,-35.18480270834506
2021-02-03,99.82465468591933,2,Wednesday,2,February,1,2021,0,-20.442459155645935
2021-02-04,123.30174766929642,3,Thursday,2,February,1,2021,0,23.47709298337709
2021-02-05,119.30892889293642,4,Friday,2,February,1,2021,0,-3.9928187763599965
2021-02-06,150.03868840668204,5,Saturday,2,February,1,2021,1,30.72975951374562
2021-02-07,133.00274892915186,6,Sunday,2,February,1,2021,1,-17.035939477530178
2021-02-08,129.27538106135293,0,Monday,2,February,1,2021,0,-3.7273678677989324
2021-02-09,127.94018154122142,1,Tuesday,2,February,1,2021,0,-1.3351995201315106
2021-02-10,123.29583036045373,2,Wednesday,2,February,1,2021,0,-4.644351180767686
2021-02-11,122.23785845936858,3,Thursday,2,February,1,2021,0,-1.0579719010851534
2021-02-12,135.74581341068833,4,Friday,2,February,1,2021,0,13.507954951319746
2021-02-13,150.2595959407323,5,Saturday,2,February,1,2021,1,14.513782530043983
2021-02-14,143.0690751999988,6,Sunday,2,February,1,2021,1,-7.190520740733518
2021-02-15,140.54654324770567,0,Monday,2,February,1,2021,0,-2.5225319522931215
2021-02-16,126.48447830601049,1,Tuesday,2,February,1,2021,0,-14.062064941695184
2021-02-17,131.53191116825334,2,Wednesday,2,February,1,2021,0,5.047432862242857
2021-02-18,128.93880550872976,3,Thursday,2,February,1,2021,0,-2.5931056595235873
2021-02-19,124.17798040699694,4,Friday,2,February,1,2021,0,-4.76082510173282
2021-02-20,161.3439346304245,5,Saturday,2,February,1,2021,1,37.165954223427576
2021-02-21,158.76106999291284,6,Sunday,2,February,1,2021,1,-2.582864637511676
2021-02-22,145.65728016886592,0,Monday,2,February,1,2021,0,-13.103789824046913
2021-02-23,141.81186489861852,1,Tuesday,2,February,1,2021,0,-3.8454152702474005
2021-02-24,135.7964681554661,2,Wednesday,2,February,1,2021,0,-6.015396743152422
2021-02-25,139.26160594920293,3,Thursday,2,February,1,2021,0,3.4651377937368295
2021-02-26,137.78166064013652,4,Friday,2,February,1,2021,0,-1.4799453090664088
2021-02-27,159.29459439141812,5,Saturday,2,February,1,2021,1,21.512933751281594
2021-02-28,170.1252413762729,6,Sunday,2,February,1,2021,1,10.83064698485478
2021-03-01,166.2987030441022,0,Monday,3,March,1,2021,0,-3.826538332170685
2021-03-02,134.93511969848902,1,Tuesday,3,March,1,2021,0,-31.363583345613193
2021-03-03,127.5756479767291,2,Wednesday,3,March,1,2021,0,-7.359471721759917
2021-03-04,122.74424630469889,3,Thursday,3,March,1,2021,0,-4.831401672030211
2021-03-05,137.98263485672638,4,Friday,3,March,1,2021,0,15.238388552027487
2021-03-06,174.19398902082517,5,Saturday,3,March,1,2021,1,36.21135416409879
2021-03-07,183.96726719291917,6,Sunday,3,March,1,2021,1,9.773278172093995
2021-03-08,159.32478393560598,0,Monday,3,March,1,2021,0,-24.642483257313188
2021-03-09,153.17235112131536,1,Tuesday,3,March,1,2021,0,-6.15243281429062
2021-03-10,136.36646496801012,2,Wednesday,3,March,1,2021,0,-16.805886153305238
2021-03-11,130.5811799143889,3,Thursday,3,March,1,2021,0,-5.785285053621209
2021-03-12,156.68958808812823,4,Friday,3,March,1,2021,0,26.10840817373932
2021-03-13,184.48543976706645,5,Saturday,3,March,1,2021,1,27.79585167893822
2021-03-14,172.9876530318316,6,Sunday,3,March,1,2021,1,-11.497786735234854
2021-03-15,178.53639047550357,0,Monday,3,March,1,2021,0,5.548737443671968
2021-03-16,119.68800955908324,1,Tuesday,3,March,1,2021,0,-58.848380916420325
2021-03-17,143.6203139463636,2,Wednesday,3,March,1,2021,0,23.932304387280368
2021-03-18,140.45618287035583,3,Thursday,3,March,1,2021,0,-3.164131076007777
2021-03-19,152.540477568569,4,Friday,3,March,1,2021,0,12.08429469821317
2021-03-20,172.3786481135731,5,Saturday,3,March,1,2021,1,19.83817054500409
2021-03-21,155.72672990306353,6,Sunday,3,March,1,2021,1,-16.651918210509564
2021-03-22,162.8498016521595,0,Monday,3,March,1,2021,0,7.1230717490959705
2021-03-23,151.51276509556092,1,Tuesday,3,March,1,2021,0,-11.337036556598576
2021-03-24,152.13560118441686,2,Wednesday,3,March,1,2021,0,0.6228360888559337
2021-03-25,136.2571856105893,3,Thursday,3,March,1,2021,0,-15.878415573827567
2021-03-26,149.1982350832342,4,Friday,3,March,1,2021,0,12.94104947264492
2021-03-27,168.09420509945005,5,Saturday,3,March,1,2021,1,18.89597001621584
2021-03-28,186.30499142522785,6,Sunday,3,March,1,2021,1,18.210786325777804
2021-03-29,169.78012994012806,0,Monday,3,March,1,2021,0,-16.52486148509979
2021-03-30,143.98744418889342,1,Tuesday,3,March,1,2021,0,-25.792685751234643
2021-03-31,143.72984225469838,2,Wednesday,3,March,1,2021,0,-0.2576019341950371
2021-04-01,143.54809307079597,3,Thursday,4,April,2,2021,0,-0.18174918390241146
2021-04-02,168.00382615815712,4,Friday,4,April,2,2021,0,24.455733087361153
2021-04-03,167.02210839893476,5,Saturday,4,April,2,2021,1,-0.9817177592223629
2021-04-04,174.7017851318361,6,Sunday,4,April,2,2021,1,7.679676732901328
2021-04-05,163.29549070029998,0,Monday,4,April,2,2021,0,-11.40629443153611
2021-04-06,135.27034228537988,1,Tuesday,4,April,2,2021,0,-28.025148414920096
2021-04-07,142.0753141295963,2,Wednesday,4,April,2,2021,0,6.804971844216425
2021-04-08,145.601348000887,3,Thursday,4,April,2,2021,0,3.5260338712906787
2021-04-09,158.67858977572655,4,Friday,4,April,2,2021,0,13.077241774839564
2021-04-10,171.90354580079773,5,Saturday,4,April,2,2021,1,13.22495602507118
2021-04-11,163.92830396865904,6,Sunday,4,April,2,2021,1,-7.975241832138693
2021-04-12,163.01070947451947,0,Monday,4,April,2,2021,0,-0.9175944941395642
2021-04-13,146.3761119194759,1,Tuesday,4,April,2,2021,0,-16.63459755504357
2021-04-14,130.88649842817287,2,Wednesday,4,April,2,2021,0,-15.489613491303032
2021-04-15,141.07074232580322,3,Thursday,4,April,2,2021,0,10.184243897630353
2021-04-16,162.2586925899674,4,Friday,4,April,2,2021,0,21.187950264164186
2021-04-17,192.60024006126653,5,Saturday,4,April,2,2021,1,30.341547471299123
2021-04-18,179.2153291010035,6,Sunday,4,April,2,2021,1,-13.384910960263028
2021-04-19,169.07915244174157,0,Monday,4,April,2,2021,0,-10.136176659261935
2021-04-20,148.2446304915813,1,Tuesday,4,April,2,2021,0,-20.83452195016028
2021-04-21,118.80716853231748,2,Wednesday,4,April,2,2021,0,-29.437461959263814
2021-04-22,141.40430717916857,3,Thursday,4,April,2,2021,0,22.597138646851093
2021-04-23,157.70705898606596,4,Friday,4,April,2,2021,0,16.30275180689739
2021-04-24,197.15862023650496,5,Saturday,4,April,2,2021,1,39.451561250439
2021-04-25,174.2355526321776,6,Sunday,4,April,2,2021,1,-22.923067604327372
2021-04-26,168.1111036180809,0,Monday,4,April,2,2021,0,-6.124449014096683
2021-04-27,147.13692996364645,1,Tuesday,4,April,2,2021,0,-20.974173654434452
2021-04-28,124.70666938095005,2,Wednesday,4,April,2,2021,0,-22.430260582696405
2021-04-29,151.40051744322417,3,Thursday,4,April,2,2021,0,26.693848062274128
2021-04-30,162.8318964294838,4,Friday,4,April,2,2021,0,11.431378986259631
2021-05-01,178.55001333069492,5,Saturday,5,May,2,2021,1,15.718116901211118
2021-05-02,165.0852156035788,6,Sunday,5,May,2,2021,1,-13.464797727116121
2021-05-03,177.0507095767856,0,Monday,5,May,2,2021,0,11.965493973206804
2021-05-04,131.30068444334253,1,Tuesday,5,May,2,2021,0,-45.750025133443074
2021-05-05,140.00600920132953,2,Wednesday,5,May,2,2021,0,8.705324757987
2021-05-06,159.5305320910852,3,Thursday,5,May,2,2021,0,19.524522889755673
2021-05-07,142.97147106987205,4,Friday,5,May,2,2021,0,-16.559061021213154
2021-05-08,162.45247658169038,5,Saturday,5,May,2,2021,1,19.481005511818324
2021-05-09,172.56379192498684,6,Sunday,5,May,2,2021,1,10.111315343296468
2021-05-10,155.28958837415055,0,Monday,5,May,2,2021,0,-17.27420355083629
2021-05-11,127.02851738316411,1,Tuesday,5,May,2,2021,0,-28.26107099098644
2021-05-12,131.95441599486435,2,Wednesday,5,May,2,2021,0,4.925898611700234
2021-05-13,124.0507162634208,3,Thursday,5,May,2,2021,0,-7.903699731443552
2021-05-14,154.57802873257893,4,Friday,5,May,2,2021,0,30.527312469158133
2021-05-15,155.80506154619792,5,Saturday,5,May,2,2021,1,1.2270328136189903
2021-05-16,183.87016370280782,6,Sunday,5,May,2,2021,1,28.065102156609896
2021-05-17,149.21617996472605,0,Monday,5,May,2,2021,0,-34.65398373808176
2021-05-18,135.96088975403407,1,Tuesday,5,May,2,2021,0,-13.255290210691982
2021-05-19,135.97347863331026,2,Wednesday,5,May,2,2021,0,0.01258887927619412
2021-05-20,118.85900191687402,3,Thursday,5,May,2,2021,0,-17.114476716436243
2021-05-21,148.53619377740023,4,Friday,5,May,2,2021,0,29.677191860526207
2021-05-22,174.41706863462275,5,Saturday,5,May,2,2021,1,25.880874857222523
2021-05-23,148.5704422290349,6,Sunday,5,May,2,2021,1,-25.84662640558784
2021-05-24,155.0989159059237,0,Monday,5,May,2,2021,0,6.52847367688878
2021-05-25,137.91491948219112,1,Tuesday,5,May,2,2021,0,-17.183996423732566
2021-05-26,131.7231771731313,2,Wednesday,5,May,2,2021,0,-6.191742309059833
2021-05-27,114.79818862723916,3,Thursday,5,May,2,2021,0,-16.924988545892134
2021-05-28,128.9918606067671,4,Friday,5,May,2,2021,0,14.193671979527934
2021-05-29,162.43606299720386,5,Saturday,5,May,2,2021,1,33.44420239043677
2021-05-30,163.423712677899,6,Sunday,5,May,2,2021,1,0.9876496806951423
2021-05-31,151.50511196492815,0,Monday,5,May,2,2021,0,-11.918600712970857
2021-06-01,134.46864224026885,1,Tuesday,6,June,2,2021,0,-17.036469724659298
2021-06-02,112.73469762277968,2,Wednesday,6,June,2,2021,0,-21.733944617489172
2021-06-03,125.06363936584569,3,Thursday,6,June,2,2021,0,12.32894174306601
2021-06-04,140.64546764702666,4,Friday,6,June,2,2021,0,15.581828281180975
2021-06-05,145.53787440078025,5,Saturday,6,June,2,2021,1,4.8924067537535905
2021-06-06,174.52430875965337,6,Sunday,6,June,2,2021,1,28.98643435887311
2021-06-07,149.1007136354262,0,Monday,6,June,2,2021,0,-25.423595124227177
2021-06-08,114.40439114267963,1,Tuesday,6,June,2,2021,0,-34.69632249274656
2021-06-09,121.36638812189821,2,Wednesday,6,June,2,2021,0,6.961996979218583
2021-06-10,108.21442435378898,3,Thursday,6,June,2,2021,0,-13.151963768109226
2021-06-11,140.76156285901016,4,Friday,6,June,2,2021,0,32.54713850522117
2021-06-12,159.40077037433383,5,Saturday,6,June,2,2021,1,18.639207515323676
2021-06-13,142.75224800413432,6,Sunday,6,June,2,2021,1,-16.648522370199515
2021-06-14,149.04937634341758,0,Monday,6,June,2,2021,0,6.297128339283262
2021-06-15,125.46084226562053,1,Tuesday,6,June,2,2021,0,-23.58853407779705
2021-06-16,118.00110107906981,2,Wednesday,6,June,2,2021,0,-7.4597411865507155
2021-06-17,131.87453383429212,3,Thursday,6,June,2,2021,0,13.87343275522231
2021-06-18,125.34959921281491,4,Friday,6,June,2,2021,0,-6.524934621477215
2021-06-19,135.15931182963942,5,Saturday,6,June,2,2021,1,9.809712616824513
2021-06-20,136.91658500136305,6,Sunday,6,June,2,2021,1,1.7572731717236252
2021-06-21,126.08268205659563,0,Monday,6,June,2,2021,0,-10.833902944767416
2021-06-22,115.36141816121196,1,Tuesday,6,June,2,2021,0,-10.721263895383672
2021-06-23,107.96738217377019,2,Wednesday,6,June,2,2021,0,-7.394035987441768
2021-06-24,110.4265710320911,3,Thursday,6,June,2,2021,0,2.459188858320914
2021-06-25,130.80780997606783,4,Friday,6,June,2,2021,0,20.381238943976726
2021-06-26,137.5403756685519,5,Saturday,6,June,2,2021,1,6.732565692484059
2021-06-27,155.04369315862988,6,Sunday,6,June,2,2021,1,17.50331749007799
2021-06-28,126.27553817375761,0,Monday,6,June,2,2021,0,-28.768154984872268
2021-06-29,138.00191025711135,1,Tuesday,6,June,2,2021,0,11.726372083353738
2021-06-30,105.46854820680728,2,Wednesday,6,June,2,2021,0,-32.53336205030406
2021-07-01,93.73409946082695,3,Thursday,7,July,3,2021,0,-11.73444874598033
2021-07-02,106.46483784814956,4,Friday,7,July,3,2021,0,12.730738387322603
2021-07-03,136.86641571071718,5,Saturday,7,July,3,2021,1,30.40157786256762
2021-07-04,132.90038682519136,6,Sunday,7,July,3,2021,1,-3.966028885525816
2021-07-05,130.68588062142746,0,Monday,7,July,3,2021,0,-2.2145062037639036
2021-07-06,110.15525115051054,1,Tuesday,7,July,3,2021,0,-20.53062947091692
2021-07-07,93.10690964086673,2,Wednesday,7,July,3,2021,0,-17.048341509643805
2021-07-08,88.46350999524056,3,Thursday,7,July,3,2021,0,-4.643399645626175
2021-07-09,96.65529050899569,4,Friday,7,July,3,2021,0,8.191780513755134
2021-07-10,122.21254815330111,5,Saturday,7,July,3,2021,1,25.557257644305423
2021-07-11,138.3427915610704,6,Sunday,7,July,3,2021,1,16.1302434077693
2021-07-12,120.34015921693837,0,Monday,7,July,3,2021,0,-18.00263234413204
2021-07-13,87.63016187245715,1,Tuesday,7,July,3,2021,0,-32.70999734448122
2021-07-14,90.24477959201703,2,Wednesday,7,July,3,2021,0,2.614617719559874
2021-07-15,95.47725362658811,3,Thursday,7,July,3,2021,0,5.232474034571084
2021-07-16,97.67444201292717,4,Friday,7,July,3,2021,0,2.1971883863390644
2021-07-17,122.94257827821231,5,Saturday,7,July,3,2021,1,25.268136265285136
2021-07-18,125.10864579504319,6,Sunday,7,July,3,2021,1,2.1660675168308785
2021-07-19,101.53914280485546,0,Monday,7,July,3,2021,0,-23.56950299018773
2021-07-20,98.45865338078626,1,Tuesday,7,July,3,2021,0,-3.0804894240691993
2021-07-21,88.93938193511025,2,Wednesday,7,July,3,2021,0,-9.519271445676011
2021-07-22,97.30021743177196,3,Thursday,7,July,3,2021,0,8.360835496661707
2021-07-23,111.92543550425907,4,Friday,7,July,3,2021,0,14.625218072487115
2021-07-24,102.53351167734283,5,Saturday,7,July,3,2021,1,-9.39192382691624
2021-07-25,110.08536295032367,6,Sunday,7,July,3,2021,1,7.551851272980841
2021-07-26,113.0901173448512,0,Monday,7,July,3,2021,0,3.0047543945275237
2021-07-27,95.02509985576819,1,Tuesday,7,July,3,2021,0,-18.065017489083004
2021-07-28,83.52568279524434,2,Wednesday,7,July,3,2021,0,-11.499417060523854
2021-07-29,120.0795538597601,3,Thursday,7,July,3,2021,0,36.55387106451576
2021-07-30,102.21936323680885,4,Friday,7,July,3,2021,0,-17.86019062295125
2021-07-31,122.83104661047419,5,Saturday,7,July,3,2021,1,20.611683373665343
2021-08-01,124.21257758455393,6,Sunday,8,August,3,2021,1,1.3815309740797375
2021-08-02,109.70799262716197,0,Monday,8,August,3,2021,0,-14.504584957391955
2021-08-03,82.0358258502044,1,Tuesday,8,August,3,2021,0,-27.672166776957567
2021-08-04,81.31471836616885,2,Wednesday,8,August,3,2021,0,-0.7211074840355565
2021-08-05,69.22391472200609,3,Thursday,8,August,3,2021,0,-12.090803644162762
2021-08-06,89.5938582401192,4,Friday,8,August,3,2021,0,20.369943518113118
2021-08-07,102.12653446333803,5,Saturday,8,August,3,2021,1,12.532676223218829
2021-08-08,111.05079418278116,6,Sunday,8,August,3,2021,1,8.924259719443128
2021-08-09,121.95637508699792,0,Monday,8,August,3,2021,0,10.905580904216762
2021-08-10,62.18927886888254,1,Tuesday,8,August,3,2021,0,-59.767096218115384
2021-08-11,76.32021340507605,2,Wednesday,8,August,3,2021,0,14.130934536193507
2021-08-12,56.61821847715426,3,Thursday,8,August,3,2021,0,-19.70199492792179
2021-08-13,83.09799515263286,4,Friday,8,August,3,2021,0,26.479776675478604
2021-08-14,113.78842043110406,5,Saturday,8,August,3,2021,1,30.690425278471196
2021-08-15,106.85846956864323,6,Sunday,8,August,3,2021,1,-6.929950862460828
2021-08-16,84.08220815419705,0,Monday,8,August,3,2021,0,-22.776261414446182
2021-08-17,69.82636839095241,1,Tuesday,8,August,3,2021,0,-14.255839763244637
2021-08-18,72.44001009967586,2,Wednesday,8,August,3,2021,0,2.613641708723449
2021-08-19,61.69839624349062,3,Thursday,8,August,3,2021,0,-10.74161385618524
2021-08-20,86.31014639061219,4,Friday,8,August,3,2021,0,24.61175014712157
2021-08-21,99.7557167312848,5,Saturday,8,August,3,2021,1,13.445570340672617
2021-08-22,96.17484127919954,6,Sunday,8,August,3,2021,1,-3.580875452085266
2021-08-23,112.84959610639777,0,Monday,8,August,3,2021,0,16.674754827198228
2021-08-24,79.9456289942515,1,Tuesday,8,August,3,2021,0,-32.90396711214626
2021-08-25,42.09736149727105,2,Wednesday,8,August,3,2021,0,-37.848267496980455
2021-08-26,67.65024638697474,3,Thursday,8,August,3,2021,0,25.55288488970369
2021-08-27,74.39136356631518,4,Friday,8,August,3,2021,0,6.741117179340435
2021-08-28,104.76914387420284,5,Saturday,8,August,3,2021,1,30.37778030788766
2021-08-29,91.79268746195537,6,Sunday,8,August,3,2021,1,-12.976456412247472
2021-08-30,87.37314787325678,0,Monday,8,August,3,2021,0,-4.4195395886985835
2021-08-31,75.8510200542637,1,Tuesday,8,August,3,2021,0,-11.522127818993084
2021-09-01,68.28641869145049,2,Wednesday,9,September,3,2021,0,-7.564601362813207
2021-09-02,51.149183658426466,3,Thursday,9,September,3,2021,0,-17.137235033024027
2021-09-03,75.11799410355849,4,Friday,9,September,3,2021,0,23.96881044513202
2021-09-04,89.03741223186435,5,Saturday,9,September,3,2021,1,13.919418128305864
2021-09-05,90.81585059558509,6,Sunday,9,September,3,2021,1,1.7784383637207384
2021-09-06,103.89638631840629,0,Monday,9,September,3,2021,0,13.080535722821196
2021-09-07,72.66324319201722,1,Tuesday,9,September,3,2021,0,-31.233143126389066
2021-09-08,44.92408993953903,2,Wednesday,9,September,3,2021,0,-27.73915325247819
2021-09-09,70.32742341244006,3,Thursday,9,September,3,2021,0,25.403333472901025
2021-09-10,97.77460028944579,4,Friday,9,September,3,2021,0,27.44717687700573
2021-09-11,102.29567998410059,5,Saturday,9,September,3,2021,1,4.5210796946548015
2021-09-12,80.43446215334627,6,Sunday,9,September,3,2021,1,-21.861217830754313
2021-09-13,79.77407754396245,0,Monday,9,September,3,2021,0,-0.6603846093838257
2021-09-14,79.75333772938566,1,Tuesday,9,September,3,2021,0,-0.02073981457678542
2021-09-15,49.02390263775041,2,Wednesday,9,September,3,2021,0,-30.729435091635253
2021-09-16,64.25214688349689,3,Thursday,9,September,3,2021,0,15.228244245746481
2021-09-17,83.0625927098541,4,Friday,9,September,3,2021,0,18.81044582635721
2021-09-18,81.56355704308503,5,Saturday,9,September,3,2021,1,-1.4990356667690747
2021-09-19,93.9938893011172,6,Sunday,9,September,3,2021,1,12.43033225803218
2021-09-20,51.26436939479657,0,Monday,9,September,3,2021,0,-42.72951990632064
2021-09-21,56.001085140387595,1,Tuesday,9,September,3,2021,0,4.736715745591027
2021-09-22,52.836199584507106,2,Wednesday,9,September,3,2021,0,-3.1648855558804883
2021-09-23,46.69836101620134,3,Thursday,9,September,3,2021,0,-6.137838568305767
2021-09-24,91.1039399444011,4,Friday,9,September,3,2021,0,44.405578928199766
2021-09-25,76.09670528437712,5,Saturday,9,September,3,2021,1,-15.007234660023983
2021-09-26,89.85595586585298,6,Sunday,9,September,3,2021,1,13.759250581475854
2021-09-27,84.75399481217384,0,Monday,9,September,3,2021,0,-5.101961053679133
2021-09-28,80.52978659894717,1,Tuesday,9,September,3,2021,0,-4.2242082132266745
2021-09-29,40.97812484493697,2,Wednesday,9,September,3,2021,0,-39.5516617540102
2021-09-30,70.88566550022249,3,Thursday,9,September,3,2021,0,29.907540655285516
2021-10-01,75.06312885298064,4,Friday,10,October,4,2021,0,4.177463352758153
2021-10-02,80.86727587676899,5,Saturday,10,October,4,2021,1,5.804147023788346
2021-10-03,99.26505601513138,6,Sunday,10,October,4,2021,1,18.397780138362393
2021-10-04,85.92825839099862,0,Monday,10,October,4,2021,0,-13.336797624132757
2021-10-05,60.70945321571993,1,Tuesday,10,October,4,2021,0,-25.21880517527869
2021-10-06,56.732844769423124,2,Wednesday,10,October,4,2021,0,-3.976608446296808
2021-10-07,56.20246162725264,3,Thursday,10,October,4,2021,0,-0.5303831421704857
2021-10-08,77.00098551257292,4,Friday,10,October,4,2021,0,20.798523885320286
2021-10-09,98.31204868468267,5,Saturday,10,October,4,2021,1,21.31106317210974
2021-10-10,111.61582566840957,6,Sunday,10,October,4,2021,1,13.303776983726905
2021-10-11,72.77425975565782,0,Monday,10,October,4,2021,0,-38.84156591275175
2021-10-12,89.35965599470885,1,Tuesday,10,October,4,2021,0,16.585396239051022
2021-10-13,37.93439255162335,2,Wednesday,10,October,4,2021,0,-51.4252634430855
2021-10-14,60.06070864933562,3,Thursday,10,October,4,2021,0,22.126316097712277
2021-10-15,83.37420017928163,4,Friday,10,October,4,2021,0,23.313491529946006
2021-10-16,96.22783913719371,5,Saturday,10,October,4,2021,1,12.853638957912082
2021-10-17,91.3574815382227,6,Sunday,10,October,4,2021,1,-4.870357598971012
2021-10-18,85.00130034491363,0,Monday,10,October,4,2021,0,-6.3561811933090695
2021-10-19,65.13032807418199,1,Tuesday,10,October,4,2021,0,-19.87097227073164
2021-10-20,53.69313355104807,2,Wednesday,10,October,4,2021,0,-11.437194523133918
2021-10-21,72.30614513930709,3,Thursday,10,October,4,2021,0,18.61301158825902
2021-10-22,83.39233052641652,4,Friday,10,October,4,2021,0,11.086185387109424
2021-10-23,88.91905456144342,5,Saturday,10,October,4,2021,1,5.526724035026902
2021-10-24,109.10925824569057,6,Sunday,10,October,4,2021,1,20.19020368424715
2021-10-25,92.78229454842119,0,Monday,10,October,4,2021,0,-16.326963697269377
2021-10-26,80.91314087416337,1,Tuesday,10,October,4,2021,0,-11.869153674257817
2021-10-27,68.70404079222106,2,Wednesday,10,October,4,2021,0,-12.20910008194231
2021-10-28,58.43728887210213,3,Thursday,10,October,4,2021,0,-10.266751920118935
2021-10-29,77.23294975856692,4,Friday,10,October,4,2021,0,18.795660886464788
2021-10-30,106.4284386113968,5,Saturday,10,October,4,2021,1,29.195488852829882
2021-10-31,109.41835157170601,6,Sunday,10,October,4,2021,1,2.989912960309212
2021-11-01,92.79495220630758,0,Monday,11,November,4,2021,0,-16.623399365398427
2021-11-02,77.3449561029472,1,Tuesday,11,November,4,2021,0,-15.449996103360391
2021-11-03,78.66324471986357,2,Wednesday,11,November,4,2021,0,1.3182886169163766
2021-11-04,64.38120918415748,3,Thursday,11,November,4,2021,0,-14.282035535706086
2021-11-05,91.96539178169337,4,Friday,11,November,4,2021,0,27.584182597535886
2021-11-06,100.68231395493794,5,Saturday,11,November,4,2021,1,8.71692217324457
2021-11-07,104.9747349450258,6,Sunday,11,November,4,2021,1,4.292420990087862
2021-11-08,107.91584880971456,0,Monday,11,November,4,2021,0,2.9411138646887593
2021-11-09,88.43620012270156,1,Tuesday,11,November,4,2021,0,-19.479648687012997
2021-11-10,78.11729131865737,2,Wednesday,11,November,4,2021,0,-10.318908804044199
2021-11-11,87.53153256376459,3,Thursday,11,November,4,2021,0,9.41424124510722
2021-11-12,90.96745249567334,4,Friday,11,November,4,2021,0,3.4359199319087566
2021-11-13,113.86886884511202,5,Saturday,11,November,4,2021,1,22.901416349438676
2021-11-14,108.47498416620137,6,Sunday,11,November,4,2021,1,-5.393884678910652
2021-11-15,104.67573425892908,0,Monday,11,November,4,2021,0,-3.7992499072722836
2021-11-16,83.46533817066366,1,Tuesday,11,November,4,2021,0,-21.210396088265426
2021-11-17,75.61446097444708,2,Wednesday,11,November,4,2021,0,-7.850877196216572
2021-11-18,85.16700508836543,3,Thursday,11,November,4,2021,0,9.552544113918344
2021-11-19,87.38906865299846,4,Friday,11,November,4,2021,0,2.2220635646330322
2021-11-20,132.86100920319853,5,Saturday,11,November,4,2021,1,45.471940550200074
2021-11-21,106.47795410467064,6,Sunday,11,November,4,2021,1,-26.38305509852789
2021-11-22,94.32406112535705,0,Monday,11,November,4,2021,0,-12.153892979313596
2021-11-23,101.44985462998967,1,Tuesday,11,November,4,2021,0,7.125793504632625
2021-11-24,87.73188569214354,2,Wednesday,11,November,4,2021,0,-13.717968937846138
2021-11-25,90.69482991256405,3,Thursday,11,November,4,2021,0,2.9629442204205105
2021-11-26,107.15900624235398,4,Friday,11,November,4,2021,0,16.464176329789936
2021-11-27,117.18364286109394,5,Saturday,11,November,4,2021,1,10.024636618739962
2021-11-28,112.99785740406165,6,Sunday,11,November,4,2021,1,-4.185785457032296
2021-11-29,112.71814693643816,0,Monday,11,November,4,2021,0,-0.27971046762348806
2021-11-30,88.65172731757622,1,Tuesday,11,November,4,2021,0,-24.066419618861943
2021-12-01,95.18004470878864,2,Wednesday,12,December,4,2021,0,6.5283173912124255
2021-12-02,88.65416482533652,3,Thursday,12,December,4,2021,0,-6.52587988345212
2021-12-03,98.34771552756779,4,Friday,12,December,4,2021,0,9.693550702231263
2021-12-04,119.87391255751432,5,Saturday,12,December,4,2021,1,21.52619702994653
2021-12-05,131.93437854154936,6,Sunday,12,December,4,2021,1,12.060465984035048
2021-12-06,112.2089839741286,0,Monday,12,December,4,2021,0,-19.725394567420764
2021-12-07,93.13718143549214,1,Tuesday,12,December,4,2021,0,-19.07180253863646
2021-12-08,93.85010603178058,2,Wednesday,12,December,4,2021,0,0.7129245962884454
2021-12-09,98.60555494424719,3,Thursday,12,December,4,2021,0,4.755448912466605
2021-12-10,107.60957501366123,4,Friday,12,December,4,2021,0,9.00402006941404
2021-12-11,124.49726713120471,5,Saturday,12,December,4,2021,1,16.88769211754348
2021-12-12,136.28738089947655,6,Sunday,12,December,4,2021,1,11.790113768271837
2021-12-13,109.56750789014345,0,Monday,12,December,4,2021,0,-26.7198730093331
2021-12-14,93.52552776157617,1,Tuesday,12,December,4,2021,0,-16.041980128567275
2021-12-15,90.50657272553595,2,Wednesday,12,December,4,2021,0,-3.018955036040225
2021-12-16,100.3345312908681,3,Thursday,12,December,4,2021,0,9.827958565332153
2021-12-17,122.13484974294907,4,Friday,12,December,4,2021,0,21.800318452080973
2021-12-18,150.3399446537113,5,Saturday,12,December,4,2021,1,28.20509491076224
2021-12-19,148.95247680548638,6,Sunday,12,December,4,2021,1,-1.3874678482249294
2021-12-20,128.88652462087424,0,Monday,12,December,4,2021,0,-20.065952184612144
2021-12-21,113.87440597538696,1,Tuesday,12,December,4,2021,0,-15.012118645487277
2021-12-22,94.1552441967368,2,Wednesday,12,December,4,2021,0,-19.71916177865016
2021-12-23,108.79678369788411,3,Thursday,12,December,4,2021,0,14.641539501147307
2021-12-24,122.67375135985634,4,Friday,12,December,4,2021,0,13.87696766197223
2021-12-25,145.3680388224517,5,Saturday,12,December,4,2021,1,22.694287462595355
2021-12-26,138.67619871524042,6,Sunday,12,December,4,2021,1,-6.691840107211277
2021-12-27,142.26840387943602,0,Monday,12,December,4,2021,0,3.5922051641956045
2021-12-28,135.9956267835582,1,Tuesday,12,December,4,2021,0,-6.272777095877814
2021-12-29,109.70948195120647,2,Wednesday,12,December,4,2021,0,-26.286144832351738
2021-12-30,119.62668526572746,3,Thursday,12,December,4,2021,0,9.91720331452099
2021-12-31,139.09876616123964,4,Friday,12,December,4,2021,0,19.47208089551218
2022-01-01,144.77319785476857,5,Saturday,1,January,1,2022,1,5.6744316935289305
2022-01-02,155.83976629687157,6,Sunday,1,January,1,2022,1,11.066568442103005
2022-01-03,143.85520144868656,0,Monday,1,January,1,2022,0,-11.984564848185016
2022-01-04,128.3015629358439,1,Tuesday,1,January,1,2022,0,-15.553638512842667
2022-01-05,109.7239950455718,2,Wednesday,1,January,1,2022,0,-18.577567890272093
2022-01-06,122.51034381402785,3,Thursday,1,January,1,2022,0,12.786348768456051
2022-01-07,143.82986758362787,4,Friday,1,January,1,2022,0,21.319523769600025
2022-01-08,169.94450222291422,5,Saturday,1,January,1,2022,1,26.11463463928635
2022-01-09,169.83254064766797,6,Sunday,1,January,1,2022,1,-0.11196157524625505
2022-01-10,171.8936444277087,0,Monday,1,January,1,2022,0,2.0611037800407246
2022-01-11,126.27364690388661,1,Tuesday,1,January,1,2022,0,-45.61999752382208
2022-01-12,132.78762769624643,2,Wednesday,1,January,1,2022,0,6.513980792359817
2022-01-13,130.69523167671812,3,Thursday,1,January,1,2022,0,-2.0923960195283087
2022-01-14,167.32896196619103,4,Friday,1,January,1,2022,0,36.63373028947291
2022-01-15,153.91385157424378,5,Saturday,1,January,1,2022,1,-13.415110391947252
2022-01-16,158.38734958621237,6,Sunday,1,January,1,2022,1,4.473498011968587
2022-01-17,150.89184900818418,0,Monday,1,January,1,2022,0,-7.495500578028185
2022-01-18,119.20959968811869,1,Tuesday,1,January,1,2022,0,-31.682249320065495
2022-01-19,125.28404976308342,2,Wednesday,1,January,1,2022,0,6.07445007496473
2022-01-20,127.72168054869812,3,Thursday,1,January,1,2022,0,2.437630785614701
2022-01-21,153.3583632681914,4,Friday,1,January,1,2022,0,25.63668271949328
2022-01-22,171.80847270766114,5,Saturday,1,January,1,2022,1,18.450109439469742
2022-01-23,191.90923790726532,6,Sunday,1,January,1,2022,1,20.100765199604183
2022-01-24,172.7201647769014,0,Monday,1,January,1,2022,0,-19.18907313036391
2022-01-25,140.975176881854,1,Tuesday,1,January,1,2022,0,-31.744987895047416
2022-01-26,127.81694170548353,2,Wednesday,1,January,1,2022,0,-13.158235176370468
2022-01-27,146.45385630987536,3,Thursday,1,January,1,2022,0,18.636914604391833
2022-01-28,144.83426800978344,4,Friday,1,January,1,2022,0,-1.6195883000919196
2022-01-29,192.84655246905072,5,Saturday,1,January,1,2022,1,48.01228445926728
2022-01-30,191.04023187396544,6,Sunday,1,January,1,2022,1,-1.8063205950852819
2022-01-31,164.5781050742632,0,Monday,1,January,1,2022,0,-26.462126799702247
2022-02-01,135.62083528265657,1,Tuesday,2,February,1,2022,0,-28.95726979160662
2022-02-02,156.3002227194111,2,Wednesday,2,February,1,2022,0,20.679387436754524
2022-02-03,146.30054568641592,3,Thursday,2,February,1,2022,0,-9.99967703299518
2022-02-04,176.27535182949597,4,Friday,2,February,1,2022,0,29.97480614308006
2022-02-05,164.3960410385299,5,Saturday,2,February,1,2022,1,-11.879310790966088
2022-02-06,179.00666799734876,6,Sunday,2,February,1,2022,1,14.61062695881887
2022-02-07,175.0216073647703,0,Monday,2,February,1,2022,0,-3.9850606325784668
2022-02-08,158.8645193214954,1,Tuesday,2,February,1,2022,0,-16.157088043274882
2022-02-09,143.84512073802907,2,Wednesday,2,February,1,2022,0,-15.01939858346634
2022-02-10,159.19900046803173,3,Thursday,2,February,1,2022,0,15.35387973000266
2022-02-11,158.68437648982015,4,Friday,2,February,1,2022,0,-0.5146239782115742
2022-02-12,184.31732255582006,5,Saturday,2,February,1,2022,1,25.632946065999903
2022-02-13,191.5401731887122,6,Sunday,2,February,1,2022,1,7.222850632892147
2022-02-14,185.38496631646856,0,Monday,2,February,1,2022,0,-6.155206872243639
2022-02-15,170.71550818531392,1,Tuesday,2,February,1,2022,0,-14.669458131154641
2022-02-16,142.23588817183102,2,Wednesday,2,February,1,2022,0,-28.4796200134829
2022-02-17,142.69645005147487,3,Thursday,2,February,1,2022,0,0.46056187964384776
2022-02-18,187.13368650317562,4,Friday,2,February,1,2022,0,44.437236451700755
2022-02-19,193.98855275901147,5,Saturday,2,February,1,2022,1,6.854866255835844
2022-02-20,187.70333663668455,6,Sunday,2,February,1,2022,1,-6.285216122326915
2022-02-21,200.52852661770874,0,Monday,2,February,1,2022,0,12.825189981024181
2022-02-22,169.45675431076765,1,Tuesday,2,February,1,2022,0,-31.071772306941085
2022-02-23,169.89894751655635,2,Wednesday,2,February,1,2022,0,0.4421932057886977
2022-02-24,163.25828230662273,3,Thursday,2,February,1,2022,0,-6.640665209933616
2022-02-25,199.43058666942426,4,Friday,2,February,1,2022,0,36.172304362801526
2022-02-26,212.60456132858295,5,Saturday,2,February,1,2022,1,13.173974659158688
2022-02-27,197.00274344282985,6,Sunday,2,February,1,2022,1,-15.601817885753093
2022-02-28,198.95425762387782,0,Monday,2,February,1,2022,0,1.951514181047969
2022-03-01,178.8916071630628,1,Tuesday,3,March,1,2022,0,-20.062650460815036
2022-03-02,175.84539428781588,2,Wednesday,3,March,1,2022,0,-3.0462128752469084
2022-03-03,156.901219225118,3,Thursday,3,March,1,2022,0,-18.944175062697866
2022-03-04,189.56424699925873,4,Friday,3,March,1,2022,0,32.663027774140716
2022-03-05,209.42833239524347,5,Saturday,3,March,1,2022,1,19.864085395984745
2022-03-06,185.60930128255364,6,Sunday,3,March,1,2022,1,-23.819031112689828
2022-03-07,181.02074398113945,0,Monday,3,March,1,2022,0,-4.588557301414198
2022-03-08,155.5698963285385,1,Tuesday,3,March,1,2022,0,-25.45084765260094
2022-03-09,162.89811667754438,2,Wednesday,3,March,1,2022,0,7.328220349005875
2022-03-10,177.06689200057363,3,Thursday,3,March,1,2022,0,14.168775323029251
2022-03-11,200.9754285168724,4,Friday,3,March,1,2022,0,23.908536516298767
2022-03-12,202.73949908292448,5,Saturday,3,March,1,2022,1,1.7640705660520837
2022-03-13,222.54290939626088,6,Sunday,3,March,1,2022,1,19.8034103133364
2022-03-14,182.0172501838811,0,Monday,3,March,1,2022,0,-40.52565921237979
2022-03-15,161.79751920614598,1,Tuesday,3,March,1,2022,0,-20.21973097773511
2022-03-16,167.8093636845316,2,Wednesday,3,March,1,2022,0,6.011844478385626
2022-03-17,176.40767861106784,3,Thursday,3,March,1,2022,0,8.598314926536233
2022-03-18,188.20276182492822,4,Friday,3,March,1,2022,0,11.79508321386038
2022-03-19,183.80370473452427,5,Saturday,3,March,1,2022,1,-4.399057090403943
2022-03-20,207.74630674489822,6,Sunday,3,March,1,2022,1,23.942602010373946
2022-03-21,185.05498654358544,0,Monday,3,March,1,2022,0,-22.691320201312777
2022-03-22,187.70966368881702,1,Tuesday,3,March,1,2022,0,2.654677145231574
2022-03-23,174.11213932757627,2,Wednesday,3,March,1,2022,0,-13.597524361240744
2022-03-24,165.14883749187402,3,Thursday,3,March,1,2022,0,-8.963301835702254
2022-03-25,185.27054965462818,4,Friday,3,March,1,2022,0,20.121712162754164
2022-03-26,195.6640314927229,5,Saturday,3,March,1,2022,1,10.393481838094715
2022-03-27,209.68695179063585,6,Sunday,3,March,1,2022,1,14.022920297912947
2022-03-28,209.22522834156902,0,Monday,3,March,1,2022,0,-0.46172344906682383
2022-03-29,172.62741282418807,1,Tuesday,3,March,1,2022,0,-36.59781551738095
2022-03-30,176.85572244084503,2,Wednesday,3,March,1,2022,0,4.228309616656958
2022-03-31,170.51130912669134,3,Thursday,3,March,1,2022,0,-6.344413314153684
2022-04-01,183.64370463613503,4,Friday,4,April,2,2022,0,13.132395509443683
2022-04-02,206.24588654756596,5,Saturday,4,April,2,2022,1,22.602181911430932
2022-04-03,200.91802794443933,6,Sunday,4,April,2,2022,1,-5.327858603126629
2022-04-04,194.99061169572627,0,Monday,4,April,2,2022,0,-5.927416248713058
2022-04-05,171.2557220196054,1,Tuesday,4,April,2,2022,0,-23.734889676120872
2022-04-06,192.10883177504195,2,Wednesday,4,April,2,2022,0,20.85310975543655
2022-04-07,176.7093375782025,3,Thursday,4,April,2,2022,0,-15.399494196839441
2022-04-08,185.01451692956792,4,Friday,4,April,2,2022,0,8.30517935136541
2022-04-09,209.79190994338077,5,Saturday,4,April,2,2022,1,24.777393013812855
2022-04-10,210.3797629375256,6,Sunday,4,April,2,2022,1,0.5878529941448392
2022-04-11,198.44679311176512,0,Monday,4,April,2,2022,0,-11.932969825760495
2022-04-12,189.4024954520307,1,Tuesday,4,April,2,2022,0,-9.044297659734411
2022-04-13,179.96010975294246,2,Wednesday,4,April,2,2022,0,-9.442385699088248
2022-04-14,170.87247948420205,3,Thursday,4,April,2,2022,0,-9.087630268740412
2022-04-15,185.97195757456424,4,Friday,4,April,2,2022,0,15.099478090362197
2022-04-16,204.51781358820278,5,Saturday,4,April,2,2022,1,18.54585601363854
2022-04-17,187.99820617269702,6,Sunday,4,April,2,2022,1,-16.51960741550576
2022-04-18,184.91744058011972,0,Monday,4,April,2,2022,0,-3.0807655925773076
2022-04-19,196.24128401700932,1,Tuesday,4,April,2,2022,0,11.323843436889604
2022-04-20,188.0456664926575,2,Wednesday,4,April,2,2022,0,-8.195617524351832
2022-04-21,172.79775391774928,3,Thursday,4,April,2,2022,0,-15.247912574908213
2022-04-22,196.50645213628172,4,Friday,4,April,2,2022,0,23.708698218532447
2022-04-23,209.29217588179594,5,Saturday,4,April,2,2022,1,12.785723745514218
2022-04-24,240.61868242708493,6,Sunday,4,April,2,2022,1,31.326506545288993
2022-04-25,209.9792103410073,0,Monday,4,April,2,2022,0,-30.63947208607763
2022-04-26,179.90969881294032,1,Tuesday,4,April,2,2022,0,-30.069511528066982
2022-04-27,160.55974048967983,2,Wednesday,4,April,2,2022,0,-19.349958323260495
2022-04-28,157.6462563503535,3,Thursday,4,April,2,2022,0,-2.9134841393263287
2022-04-29,191.1022299250945,4,Friday,4,April,2,2022,0,33.455973574740995
2022-04-30,196.8476682614332,5,Saturday,4,April,2,2022,1,5.745438336338708
2022-05-01,193.7443416119015,6,Sunday,5,May,2,2022,1,-3.1033266495317093
2022-05-02,190.36098037041134,0,Monday,5,May,2,2022,0,-3.3833612414901495
2022-05-03,168.32365467602918,1,Tuesday,5,May,2,2022,0,-22.03732569438216
2022-05-04,184.84462912315152,2,Wednesday,5,May,2,2022,0,16.52097444712234
2022-05-05,180.29381606667442,3,Thursday,5,May,2,2022,0,-4.5508130564770966
2022-05-06,186.66404737774812,4,Friday,5,May,2,2022,0,6.370231311073695
2022-05-07,216.79715560658593,5,Saturday,5,May,2,2022,1,30.133108228837813
2022-05-08,206.23836209178543,6,Sunday,5,May,2,2022,1,-10.558793514800499
2022-05-09,185.6238590951692,0,Monday,5,May,2,2022,0,-20.61450299661624
2022-05-10,191.69351473675533,1,Tuesday,5,May,2,2022,0,6.069655641586138
2022-05-11,170.59958128660926,2,Wednesday,5,May,2,2022,0,-21.093933450146068
2022-05-12,158.25736073654545,3,Thursday,5,May,2,2022,0,-12.342220550063814
2022-05-13,181.90895849055372,4,Friday,5,May,2,2022,0,23.651597754008264
2022-05-14,190.2273276620371,5,Saturday,5,May,2,2022,1,8.318369171483397
2022-05-15,188.54078347607148,6,Sunday,5,May,2,2022,1,-1.68654418596563
2022-05-16,200.32198961549454,0,Monday,5,May,2,2022,0,11.781206139423062
2022-05-17,192.30049397842134,1,Tuesday,5,May,2,2022,0,-8.021495637073201
2022-05-18,147.8905521291064,2,Wednesday,5,May,2,2022,0,-44.40994184931495
2022-05-19,170.84813107424344,3,Thursday,5,May,2,2022,0,22.957578945137044
2022-05-20,173.81860424399324,4,Friday,5,May,2,2022,0,2.970473169749795
2022-05-21,190.55023055408537,5,Saturday,5,May,2,2022,1,16.73162631009214
2022-05-22,192.80934867496083,6,Sunday,5,May,2,2022,1,2.2591181208754563
2022-05-23,178.71261165464853,0,Monday,5,May,2,2022,0,-14.096737020312304
2022-05-24,169.91293365362841,1,Tuesday,5,May,2,2022,0,-8.799678001020112
2022-05-25,149.7185085874082,2,Wednesday,5,May,2,2022,0,-20.19442506622022
2022-05-26,164.0065090257876,3,Thursday,5,May,2,2022,0,14.288000438379413
2022-05-27,175.83921937556997,4,Friday,5,May,2,2022,0,11.83271034978236
2022-05-28,188.9830110360023,5,Saturday,5,May,2,2022,1,13.143791660432328
2022-05-29,185.54448249310616,6,Sunday,5,May,2,2022,1,-3.4385285428961367
2022-05-30,177.40886782101697,0,Monday,5,May,2,2022,0,-8.13561467208919
2022-05-31,172.74434705709535,1,Tuesday,5,May,2,2022,0,-4.664520763921615
2022-06-01,158.7399979249273,2,Wednesday,6,June,2,2022,0,-14.004349132168045
2022-06-02,147.17076443848669,3,Thursday,6,June,2,2022,0,-11.569233486440623
2022-06-03,172.9223377063549,4,Friday,6,June,2,2022,0,25.751573267868224
2022-06-04,194.41831008205835,5,Saturday,6,June,2,2022,1,21.495972375703445
2022-06-05,173.40405831933748,6,Sunday,6,June,2,2022,1,-21.014251762720875
2022-06-06,184.03574721881557,0,Monday,6,June,2,2022,0,10.631688899478092
2022-06-07,153.93887652116032,1,Tuesday,6,June,2,2022,0,-30.09687069765525
2022-06-08,154.76216523968364,2,Wednesday,6,June,2,2022,0,0.8232887185233153
2022-06-09,144.59132366582418,3,Thursday,6,June,2,2022,0,-10.170841573859462
2022-06-10,149.11162460754693,4,Friday,6,June,2,2022,0,4.520300941722752
2022-06-11,165.81587848830486,5,Saturday,6,June,2,2022,1,16.704253880757932
2022-06-12,185.72287130001976,6,Sunday,6,June,2,2022,1,19.9069928117149
2022-06-13,176.30195403711267,0,Monday,6,June,2,2022,0,-9.420917262907096
2022-06-14,146.58484317376892,1,Tuesday,6,June,2,2022,0,-29.71711086334375
2022-06-15,150.46696035675734,2,Wednesday,6,June,2,2022,0,3.8821171829884236
2022-06-16,130.59719529263842,3,Thursday,6,June,2,2022,0,-19.869765064118923
2022-06-17,161.45342411285884,4,Friday,6,June,2,2022,0,30.856228820220423
2022-06-18,164.90189575745262,5,Saturday,6,June,2,2022,1,3.4484716445937806
2022-06-19,173.61308641949088,6,Sunday,6,June,2,2022,1,8.711190662038263
2022-06-20,169.03851381751943,0,Monday,6,June,2,2022,0,-4.574572601971454
2022-06-21,141.855756688245,1,Tuesday,6,June,2,2022,0,-27.18275712927442
2022-06-22,135.04116274737353,2,Wednesday,6,June,2,2022,0,-6.814593940871475
2022-06-23,152.056534357736,3,Thursday,6,June,2,2022,0,17.01537161036248
2022-06-24,151.10377535077583,4,Friday,6,June,2,2022,0,-0.9527590069601786
2022-06-25,180.10645281431388,5,Saturday,6,June,2,2022,1,29.00267746353805
2022-06-26,163.55260149057744,6,Sunday,6,June,2,2022,1,-16.55385132373644
2022-06-27,168.56329233015043,0,Monday,6,June,2,2022,0,5.010690839572987
2022-06-28,159.56055838551208,1,Tuesday,6,June,2,2022,0,-9.00273394463835
2022-06-29,108.8412755598572,2,Wednesday,6,June,2,2022,0,-50.719282825654886
2022-06-30,128.68344289510762,3,Thursday,6,June,2,2022,0,19.842167335250423
2022-07-01,157.2917612080261,4,Friday,7,July,3,2022,0,28.60831831291847
2022-07-02,164.3587534130072,5,Saturday,7,July,3,2022,1,7.066992204981119
2022-07-03,173.19390958945576,6,Sunday,7,July,3,2022,1,8.83515617644855
2022-07-04,151.85306233076716,0,Monday,7,July,3,2022,0,-21.340847258688598
2022-07-05,140.63509563270685,1,Tuesday,7,July,3,2022,0,-11.217966698060309
2022-07-06,126.62371580993755,2,Wednesday,7,July,3,2022,0,-14.0113798227693
2022-07-07,142.95320624541654,3,Thursday,7,July,3,2022,0,16.329490435478988
2022-07-08,148.6902416112481,4,Friday,7,July,3,2022,0,5.737035365831559
2022-07-09,164.39401009320954,5,Saturday,7,July,3,2022,1,15.703768481961447
2022-07-10,159.99801912509835,6,Sunday,7,July,3,2022,1,-4.395990968111192
2022-07-11,147.6585287480903,0,Monday,7,July,3,2022,0,-12.339490377008048
2022-07-12,130.09440648804258,1,Tuesday,7,July,3,2022,0,-17.564122260047725
2022-07-13,126.78668627341261,2,Wednesday,7,July,3,2022,0,-3.307720214629967
2022-07-14,121.7398726226699,3,Thursday,7,July,3,2022,0,-5.046813650742706
2022-07-15,143.73253395945633,4,Friday,7,July,3,2022,0,21.992661336786426
2022-07-16,176.47692510805808,5,Saturday,7,July,3,2022,1,32.74439114860175
2022-07-17,167.55090714501685,6,Sunday,7,July,3,2022,1,-8.926017963041232
2022-07-18,144.01691559703818,0,Monday,7,July,3,2022,0,-23.533991547978673
2022-07-19,141.19612122742595,1,Tuesday,7,July,3,2022,0,-2.82079436961223
2022-07-20,113.5485772301443,2,Wednesday,7,July,3,2022,0,-27.647543997281645
2022-07-21,100.38054256543998,3,Thursday,7,July,3,2022,0,-13.168034664704322
2022-07-22,125.59262167810728,4,Friday,7,July,3,2022,0,25.212079112667297
2022-07-23,131.88204287348174,5,Saturday,7,July,3,2022,1,6.289421195374459
2022-07-24,150.2216240647664,6,Sunday,7,July,3,2022,1,18.33958119128465
2022-07-25,142.3901867110162,0,Monday,7,July,3,2022,0,-7.831437353750175
2022-07-26,140.91065031216792,1,Tuesday,7,July,3,2022,0,-1.4795363988482961
2022-07-27,115.89602314577516,2,Wednesday,7,July,3,2022,0,-25.014627166392756
2022-07-28,113.60499402843256,3,Thursday,7,July,3,2022,0,-2.291029117342603
2022-07-29,139.04020374970477,4,Friday,7,July,3,2022,0,25.435209721272216
2022-07-30,123.59137131680079,5,Saturday,7,July,3,2022,1,-15.448832432903984
2022-07-31,151.24740153723124,6,Sunday,7,July,3,2022,1,27.656030220430452
2022-08-01,145.1125098420795,0,Monday,8,August,3,2022,0,-6.134891695151737
2022-08-02,104.60323802381588,1,Tuesday,8,August,3,2022,0,-40.50927181826363
2022-08-03,119.35367850865654,2,Wednesday,8,August,3,2022,0,14.750440484840666
2022-08-04,114.51850072486904,3,Thursday,8,August,3,2022,0,-4.8351777837875005
2022-08-05,121.98052383795105,4,Friday,8,August,3,2022,0,7.462023113082012
2022-08-06,147.46907014117843,5,Saturday,8,August,3,2022,1,25.48854630322738
2022-08-07,167.08952279781624,6,Sunday,8,August,3,2022,1,19.62045265663781
2022-08-08,134.7681934363791,0,Monday,8,August,3,2022,0,-32.32132936143714
2022-08-09,117.47282149620096,1,Tuesday,8,August,3,2022,0,-17.295371940178143
2022-08-10,98.98137732721855,2,Wednesday,8,August,3,2022,0,-18.49144416898241
2022-08-11,98.35274825542568,3,Thursday,8,August,3,2022,0,-0.6286290717928722
2022-08-12,130.21468005437657,4,Friday,8,August,3,2022,0,31.86193179895089
2022-08-13,128.4200344695676,5,Saturday,8,August,3,2022,1,-1.7946455848089613
2022-08-14,141.0010006430971,6,Sunday,8,August,3,2022,1,12.580966173529475
2022-08-15,124.14022505883484,0,Monday,8,August,3,2022,0,-16.860775584262242
2022-08-16,115.81358981402548,1,Tuesday,8,August,3,2022,0,-8.326635244809367
2022-08-17,103.01205377160677,2,Wednesday,8,August,3,2022,0,-12.801536042418704
2022-08-18,113.39565154519003,3,Thursday,8,August,3,2022,0,10.383597773583261
2022-08-19,113.05015478909556,4,Friday,8,August,3,2022,0,-0.3454967560944766
2022-08-20,130.5923592849521,5,Saturday,8,August,3,2022,1,17.542204495856538
2022-08-21,126.88045724640631,6,Sunday,8,August,3,2022,1,-3.7119020385457873
2022-08-22,120.93040302682084,0,Monday,8,August,3,2022,0,-5.950054219585468
2022-08-23,111.32835046687082,1,Tuesday,8,August,3,2022,0,-9.602052559950025
2022-08-24,103.85310645581352,2,Wednesday,8,August,3,2022,0,-7.475244011057299
2022-08-25,90.4838131754708,3,Thursday,8,August,3,2022,0,-13.369293280342717
2022-08-26,123.6101892787815,4,Friday,8,August,3,2022,0,33.126376103310704
2022-08-27,143.69104249478463,5,Saturday,8,August,3,2022,1,20.08085321600312
2022-08-28,137.7268660598764,6,Sunday,8,August,3,2022,1,-5.964176434908239
2022-08-29,141.14768318698097,0,Monday,8,August,3,2022,0,3.420817127104584
2022-08-30,96.90688499015977,1,Tuesday,8,August,3,2022,0,-44.2407981968212
2022-08-31,81.01019733905319,2,Wednesday,8,August,3,2022,0,-15.896687651106575
2022-09-01,79.17690639176263,3,Thursday,9,September,3,2022,0,-1.833290947290564
2022-09-02,127.21933459174318,4,Friday,9,September,3,2022,0,48.04242819998055
2022-09-03,134.11017587580935,5,Saturday,9,September,3,2022,1,6.89084128406617
2022-09-04,130.55656902879716,6,Sunday,9,September,3,2022,1,-3.5536068470121904
2022-09-05,122.78827658448023,0,Monday,9,September,3,2022,0,-7.768292444316927
2022-09-06,91.08861523597,1,Tuesday,9,September,3,2022,0,-31.699661348510233
2022-09-07,115.70372669018181,2,Wednesday,9,September,3,2022,0,24.615111454211814
2022-09-08,96.13736049311376,3,Thursday,9,September,3,2022,0,-19.56636619706805
2022-09-09,111.32627286360304,4,Friday,9,September,3,2022,0,15.188912370489277
2022-09-10,132.89080167676846,5,Saturday,9,September,3,2022,1,21.564528813165424
2022-09-11,134.08306832800582,6,Sunday,9,September,3,2022,1,1.192266651237361
2022-09-12,120.48266864685972,0,Monday,9,September,3,2022,0,-13.6003996811461
2022-09-13,92.78938269347816,1,Tuesday,9,September,3,2022,0,-27.69328595338156
2022-09-14,94.40757288118469,2,Wednesday,9,September,3,2022,0,1.6181901877065314
2022-09-15,112.20878592543639,3,Thursday,9,September,3,2022,0,17.801213044251696
2022-09-16,122.327247914617,4,Friday,9,September,3,2022,0,10.118461989180616
2022-09-17,140.30364606296615,5,Saturday,9,September,3,2022,1,17.976398148349148
2022-09-18,122.99794802684092,6,Sunday,9,September,3,2022,1,-17.305698036125236
2022-09-19,107.2839268590429,0,Monday,9,September,3,2022,0,-15.714021167798023
2022-09-20,98.47192673587493,1,Tuesday,9,September,3,2022,0,-8.812000123167962
2022-09-21,89.38580385720114,2,Wednesday,9,September,3,2022,0,-9.086122878673791
2022-09-22,103.56656341896058,3,Thursday,9,September,3,2022,0,14.180759561759444
2022-09-23,91.28536566972286,4,Friday,9,September,3,2022,0,-12.28119774923772
2022-09-24,139.10549029110842,5,Saturday,9,September,3,2022,1,47.82012462138556
2022-09-25,126.06983147793551,6,Sunday,9,September,3,2022,1,-13.035658813172915
2022-09-26,112.55289392929203,0,Monday,9,September,3,2022,0,-13.516937548643483
2022-09-27,89.35270100697876,1,Tuesday,9,September,3,2022,0,-23.200192922313263
2022-09-28,72.12642120661576,2,Wednesday,9,September,3,2022,0,-17.226279800363002
2022-09-29,100.80550641898728,3,Thursday,9,September,3,2022,0,28.67908521237152
2022-09-30,108.99526752768753,4,Friday,9,September,3,2022,0,8.189761108700253
2022-10-01,111.06555146476467,5,Saturday,10,October,4,2022,1,2.0702839370771358
2022-10-02,114.95753701022616,6,Sunday,10,October,4,2022,1,3.8919855454614947
2022-10-03,113.82562567854391,0,Monday,10,October,4,2022,0,-1.1319113316822467
2022-10-04,116.62916412072761,1,Tuesday,10,October,4,2022,0,2.8035384421836937
2022-10-05,86.64776626710635,2,Wednesday,10,October,4,2022,0,-29.98139785362126
2022-10-06,78.21457170881949,3,Thursday,10,October,4,2022,0,-8.433194558286857
2022-10-07,106.58035710876757,4,Friday,10,October,4,2022,0,28.36578539994808
2022-10-08,122.11708369265479,5,Saturday,10,October,4,2022,1,15.536726583887216
2022-10-09,101.92200544927964,6,Sunday,10,October,4,2022,1,-20.19507824337515
2022-10-10,117.72635796548863,0,Monday,10,October,4,2022,0,15.804352516208994
2022-10-11,98.81859236363856,1,Tuesday,10,October,4,2022,0,-18.907765601850073
2022-10-12,97.49772456753786,2,Wednesday,10,October,4,2022,0,-1.3208677961006998
2022-10-13,113.13034269390015,3,Thursday,10,October,4,2022,0,15.632618126362289
2022-10-14,121.80079452036293,4,Friday,10,October,4,2022,0,8.67045182646278
2022-10-15,123.75511118179966,5,Saturday,10,October,4,2022,1,1.954316661436735
2022-10-16,119.52732968281109,6,Sunday,10,October,4,2022,1,-4.227781498988577
2022-10-17,145.80634552662326,0,Monday,10,October,4,2022,0,26.279015843812175
2022-10-18,103.62494251710702,1,Tuesday,10,October,4,2022,0,-42.181403009516245
2022-10-19,92.68077967353386,2,Wednesday,10,October,4,2022,0,-10.944162843573153
2022-10-20,96.50595781899364,3,Thursday,10,October,4,2022,0,3.8251781454597733
2022-10-21,114.72258590625262,4,Friday,10,October,4,2022,0,18.216628087258982
2022-10-22,127.30669154616861,5,Saturday,10,October,4,2022,1,12.58410563991599
2022-10-23,127.26147665631713,6,Sunday,10,October,4,2022,1,-0.045214889851479256
2022-10-24,117.108353927958,0,Monday,10,October,4,2022,0,-10.153122728359122
2022-10-25,105.30755752356369,1,Tuesday,10,October,4,2022,0,-11.800796404394319
2022-10-26,89.80712656544982,2,Wednesday,10,October,4,2022,0,-15.500430958113867
2022-10-27,92.4155842621899,3,Thursday,10,October,4,2022,0,2.608457696740075
2022-10-28,116.69918156586458,4,Friday,10,October,4,2022,0,24.283597303674682
2022-10-29,129.1893052891281,5,Saturday,10,October,4,2022,1,12.490123723263522
2022-10-30,151.12175413083165,6,Sunday,10,October,4,2022,1,21.932448841703547
2022-10-31,99.24519531670617,0,Monday,10,October,4,2022,0,-51.876558814125474
2022-11-01,119.82158028207861,1,Tuesday,11,November,4,2022,0,20.57638496537244
2022-11-02,111.06634049250302,2,Wednesday,11,November,4,2022,0,-8.755239789575597
2022-11-03,82.26614065670283,3,Thursday,11,November,4,2022,0,-28.800199835800186
2022-11-04,115.75505749780426,4,Friday,11,November,4,2022,0,33.48891684110143
2022-11-05,131.66191592350776,5,Saturday,11,November,4,2022,1,15.906858425703504
2022-11-06,125.73326041150027,6,Sunday,11,November,4,2022,1,-5.928655512007495
2022-11-07,121.79167222794338,0,Monday,11,November,4,2022,0,-3.9415881835568882
2022-11-08,101.7031520401614,1,Tuesday,11,November,4,2022,0,-20.08852018778198
2022-11-09,120.117079322928,2,Wednesday,11,November,4,2022,0,18.413927282766608
2022-11-10,116.43120979000409,3,Thursday,11,November,4,2022,0,-3.685869532923917
2022-11-11,136.05634749045117,4,Friday,11,November,4,2022,0,19.625137700447084
2022-11-12,146.83534721847047,5,Saturday,11,November,4,2022,1,10.7789997280193
2022-11-13,132.8425345113543,6,Sunday,11,November,4,2022,1,-13.992812707116173
2022-11-14,128.73059377832882,0,Monday,11,November,4,2022,0,-4.111940733025477
2022-11-15,122.18878146615397,1,Tuesday,11,November,4,2022,0,-6.541812312174855
2022-11-16,94.938252006961,2,Wednesday,11,November,4,2022,0,-27.250529459192975
2022-11-17,118.847433655722,3,Thursday,11,November,4,2022,0,23.909181648761006
2022-11-18,125.65724974034066,4,Friday,11,November,4,2022,0,6.80981608461866
2022-11-19,140.6656020756304,5,Saturday,11,November,4,2022,1,15.008352335289743
2022-11-20,156.11208224137766,6,Sunday,11,November,4,2022,1,15.44648016574726
2022-11-21,143.36085505477118,0,Monday,11,November,4,2022,0,-12.751227186606485
2022-11-22,118.69952165723315,1,Tuesday,11,November,4,2022,0,-24.66133339753803
2022-11-23,123.83740312995116,2,Wednesday,11,November,4,2022,0,5.137881472718007
2022-11-24,106.060503352779,3,Thursday,11,November,4,2022,0,-17.77689977717216
2022-11-25,139.44132362453269,4,Friday,11,November,4,2022,0,33.38082027175369
2022-11-26,155.63270735023616,5,Saturday,11,November,4,2022,1,16.191383725703474
2022-11-27,151.25994814477005,6,Sunday,11,November,4,2022,1,-4.37275920546611
2022-11-28,147.59613282495755,0,Monday,11,November,4,2022,0,-3.6638153198124996
2022-11-29,115.27686538791033,1,Tuesday,11,November,4,2022,0,-32.319267437047216
2022-11-30,127.02399837110528,2,Wednesday,11,November,4,2022,0,11.747132983194945
2022-12-01,120.62109367288791,3,Thursday,12,December,4,2022,0,-6.40290469821737
2022-12-02,133.7116035994801,4,Friday,12,December,4,2022,0,13.09050992659219
2022-12-03,165.90505650482746,5,Saturday,12,December,4,2022,1,32.19345290534736
2022-12-04,153.08014702937712,6,Sunday,12,December,4,2022,1,-12.82490947545034
2022-12-05,136.07174540508484,0,Monday,12,December,4,2022,0,-17.008401624292276
2022-12-06,118.09511620300655,1,Tuesday,12,December,4,2022,0,-17.976629202078286
2022-12-07,129.76753680672448,2,Wednesday,12,December,4,2022,0,11.672420603717924
2022-12-08,115.63826937652858,3,Thursday,12,December,4,2022,0,-14.129267430195895
2022-12-09,162.5063842382365,4,Friday,12,December,4,2022,0,46.86811486170792
2022-12-10,140.66084757487414,5,Saturday,12,December,4,2022,1,-21.845536663362367
2022-12-11,183.19728837793164,6,Sunday,12,December,4,2022,1,42.5364408030575
2022-12-12,158.4180187039279,0,Monday,12,December,4,2022,0,-24.77926967400373
2022-12-13,138.8864764051215,1,Tuesday,12,December,4,2022,0,-19.531542298806414
2022-12-14,124.48951690469666,2,Wednesday,12,December,4,2022,0,-14.396959500424842
2022-12-15,138.70261082829816,3,Thursday,12,December,4,2022,0,14.213093923601505
2022-12-16,150.88653281894395,4,Friday,12,December,4,2022,0,12.183921990645786
2022-12-17,178.8516722987458,5,Saturday,12,December,4,2022,1,27.96513947980185
2022-12-18,173.74590108198305,6,Sunday,12,December,4,2022,1,-5.105771216762747
2022-12-19,164.2124537135537,0,Monday,12,December,4,2022,0,-9.533447368429336
2022-12-20,142.6480646443554,1,Tuesday,12,December,4,2022,0,-21.564389069198313
2022-12-21,135.8271043850413,2,Wednesday,12,December,4,2022,0,-6.8209602593140914
2022-12-22,144.27267219042432,3,Thursday,12,December,4,2022,0,8.445567805383007
2022-12-23,140.6684234998381,4,Friday,12,December,4,2022,0,-3.6042486905862177
2022-12-24,160.86611335690495,5,Saturday,12,December,4,2022,1,20.197689857066848
2022-12-25,186.58592336507365,6,Sunday,12,December,4,2022,1,25.719810008168707
2022-12-26,170.98634323369163,0,Monday,12,December,4,2022,0,-15.599580131382027
2022-12-27,151.02944677179303,1,Tuesday,12,December,4,2022,0,-19.956896461898594
2022-12-28,143.18107464502657,2,Wednesday,12,December,4,2022,0,-7.8483721267664635
2022-12-29,151.28396381567586,3,Thursday,12,December,4,2022,0,8.102889170649291
2022-12-30,158.99755275655866,4,Friday,12,December,4,2022,0,7.713588940882801
2022-12-31,173.19974121634394,5,Saturday,12,December,4,2022,1,14.202188459785276
2023-01-01,187.75456062015724,6,Sunday,1,January,1,2023,1,14.554819403813298
2023-01-02,166.14301509656084,0,Monday,1,January,1,2023,0,-21.61154552359639
2023-01-03,163.6053118696905,1,Tuesday,1,January,1,2023,0,-2.5377032268703488
2023-01-04,132.6270740702362,2,Wednesday,1,January,1,2023,0,-30.97823779945429
2023-01-05,164.75676822838105,3,Thursday,1,January,1,2023,0,32.129694158144844
2023-01-06,175.77729918202655,4,Friday,1,January,1,2023,0,11.020530953645505
2023-01-07,190.19658999073442,5,Saturday,1,January,1,2023,1,14.41929080870787
2023-01-08,202.27207192893619,6,Sunday,1,January,1,2023,1,12.075481938201762
2023-01-09,199.2243129616716,0,Monday,1,January,1,2023,0,-3.047758967264599
2023-01-10,176.3013058551326,1,Tuesday,1,January,1,2023,0,-22.92300710653899
2023-01-11,137.86920993254648,2,Wednesday,1,January,1,2023,0,-38.432095922586115
2023-01-12,148.2829344483231,3,Thursday,1,January,1,2023,0,10.413724515776607
2023-01-13,171.40331327305944,4,Friday,1,January,1,2023,0,23.12037882473635
2023-01-14,194.48229651852932,5,Saturday,1,January,1,2023,1,23.078983245469885
2023-01-15,204.1900050476498,6,Sunday,1,January,1,2023,1,9.707708529120481
2023-01-16,181.8617882149954,0,Monday,1,January,1,2023,0,-22.32821683265439
2023-01-17,174.55458694910578,1,Tuesday,1,January,1,2023,0,-7.307201265889631
2023-01-18,155.23135050554225,2,Wednesday,1,January,1,2023,0,-19.32323644356353
2023-01-19,161.44693090248683,3,Thursday,1,January,1,2023,0,6.215580396944574
2023-01-20,170.0427409309993,4,Friday,1,January,1,2023,0,8.59581002851246
2023-01-21,191.41963279797977,5,Saturday,1,January,1,2023,1,21.376891866980486
2023-01-22,191.89816085382802,6,Sunday,1,January,1,2023,1,0.4785280558482441
2023-01-23,185.73139371708825,0,Monday,1,January,1,2023,0,-6.1667671367397645
2023-01-24,189.5618490952832,1,Tuesday,1,January,1,2023,0,3.830455378194955
2023-01-25,159.59562836555614,2,Wednesday,1,January,1,2023,0,-29.96622072972707
2023-01-26,200.15461636406462,3,Thursday,1,January,1,2023,0,40.558987998508485
2023-01-27,195.27380138781024,4,Friday,1,January,1,2023,0,-4.880814976254385
2023-01-28,208.69252608162026,5,Saturday,1,January,1,2023,1,13.41872469381002
2023-01-29,202.9829147713618,6,Sunday,1,January,1,2023,1,-5.7096113102584525
2023-01-30,208.60236580117692,0,Monday,1,January,1,2023,0,5.61945102981511
2023-01-31,179.33423027407716,1,Tuesday,1,January,1,2023,0,-29.26813552709976
2023-02-01,176.3293240140493,2,Wednesday,2,February,1,2023,0,-3.004906260027866
2023-02-02,205.40408896255232,3,Thursday,2,February,1,2023,0,29.07476494850303
2023-02-03,195.30373249598657,4,Friday,2,February,1,2023,0,-10.100356466565756
2023-02-04,224.21030489400783,5,Saturday,2,February,1,2023,1,28.906572398021268
2023-02-05,210.35628408809887,6,Sunday,2,February,1,2023,1,-13.85402080590896
2023-02-06,207.01755349901435,0,Monday,2,February,1,2023,0,-3.33873058908452
2023-02-07,208.5118843687168,1,Tuesday,2,February,1,2023,0,1.494330869702452
2023-02-08,174.496421539299,2,Wednesday,2,February,1,2023,0,-34.0154628294178
2023-02-09,203.52670756837352,3,Thursday,2,February,1,2023,0,29.030286029074517
2023-02-10,208.881473930515,4,Friday,2,February,1,2023,0,5.354766362141476
2023-02-11,212.5717217085472,5,Saturday,2,February,1,2023,1,3.6902477780321874
2023-02-12,229.12870639253828,6,Sunday,2,February,1,2023,1,16.55698468399109
2023-02-13,222.44591287881883,0,Monday,2,February,1,2023,0,-6.682793513719446
2023-02-14,202.30986225396038,1,Tuesday,2,February,1,2023,0,-20.136050624858456
2023-02-15,170.2853087514431,2,Wednesday,2,February,1,2023,0,-32.02455350251728
2023-02-16,183.2845375049354,3,Thursday,2,February,1,2023,0,12.999228753492304
2023-02-17,204.41334322087047,4,Friday,2,February,1,2023,0,21.128805715935073
2023-02-18,222.46620263803786,5,Saturday,2,February,1,2023,1,18.052859417167383
2023-02-19,233.9537754762737,6,Sunday,2,February,1,2023,1,11.487572838235849
2023-02-20,219.36680872770046,0,Monday,2,February,1,2023,0,-14.586966748573246
2023-02-21,187.53350261777427,1,Tuesday,2,February,1,2023,0,-31.833306109926184
2023-02-22,194.5092416418197,2,Wednesday,2,February,1,2023,0,6.975739024045424
2023-02-23,201.30479021149102,3,Thursday,2,February,1,2023,0,6.795548569671325
2023-02-24,217.05158926288684,4,Friday,2,February,1,2023,0,15.746799051395811
2023-02-25,238.50446954364247,5,Saturday,2,February,1,2023,1,21.452880280755636
2023-02-26,240.49223338352974,6,Sunday,2,February,1,2023,1,1.9877638398872648
2023-02-27,226.5062743754992,0,Monday,2,February,1,2023,0,-13.985959008030534
2023-02-28,204.42759108486246,1,Tuesday,2,February,1,2023,0,-22.078683290636747
2023-03-01,178.2565168985002,2,Wednesday,3,March,1,2023,0,-26.17107418636226
2023-03-02,203.56949782772378,3,Thursday,3,March,1,2023,0,25.312980929223585
2023-03-03,217.51944797637208,4,Friday,3,March,1,2023,0,13.949950148648298
2023-03-04,234.31484939201496,5,Saturday,3,March,1,2023,1,16.795401415642885
2023-03-05,223.2004717830531,6,Sunday,3,March,1,2023,1,-11.11437760896186
2023-03-06,214.8304612928062,0,Monday,3,March,1,2023,0,-8.370010490246898
2023-03-07,219.2980238529076,1,Tuesday,3,March,1,2023,0,4.467562560101385
2023-03-08,198.01762884475627,2,Wednesday,3,March,1,2023,0,-21.280395008151316
2023-03-09,209.54432350194847,3,Thursday,3,March,1,2023,0,11.526694657192195
2023-03-10,219.08986915678432,4,Friday,3,March,1,2023,0,9.545545654835848
2023-03-11,235.16804395214695,5,Saturday,3,March,1,2023,1,16.078174795362628
2023-03-12,248.52874566129032,6,Sunday,3,March,1,2023,1,13.36070170914337
2023-03-13,223.56430693460064,0,Monday,3,March,1,2023,0,-24.96443872668968
2023-03-14,212.71648488691773,1,Tuesday,3,March,1,2023,0,-10.84782204768291
2023-03-15,196.6835684866445,2,Wednesday,3,March,1,2023,0,-16.032916400273223
2023-03-16,201.18118765276685,3,Thursday,3,March,1,2023,0,4.497619166122348
2023-03-17,218.4148516831759,4,Friday,3,March,1,2023,0,17.233664030409045
2023-03-18,239.69415232228755,5,Saturday,3,March,1,2023,1,21.279300639111653
2023-03-19,236.86261723113194,6,Sunday,3,March,1,2023,1,-2.831535091155615
2023-03-20,243.68782342739908,0,Monday,3,March,1,2023,0,6.825206196267146
2023-03-21,205.11550167337015,1,Tuesday,3,March,1,2023,0,-38.572321754028934
2023-03-22,201.64419900576823,2,Wednesday,3,March,1,2023,0,-3.4713026676019183
2023-03-23,203.23526628999528,3,Thursday,3,March,1,2023,0,1.5910672842270515
2023-03-24,237.98217759640212,4,Friday,3,March,1,2023,0,34.746911306406844
2023-03-25,241.34318288230577,5,Saturday,3,March,1,2023,1,3.3610052859036443
2023-03-26,253.77198970591277,6,Sunday,3,March,1,2023,1,12.428806823607005
2023-03-27,217.97637533282744,0,Monday,3,March,1,2023,0,-35.79561437308533
2023-03-28,218.33175605147633,1,Tuesday,3,March,1,2023,0,0.3553807186488882
2023-03-29,213.90657987887508,2,Wednesday,3,March,1,2023,0,-4.425176172601255
2023-03-30,209.85019726993744,3,Thursday,3,March,1,2023,0,-4.056382608937639
2023-03-31,235.45918364217906,4,Friday,3,March,1,2023,0,25.608986372241617
2023-04-01,235.39373941407524,5,Saturday,4,April,2,2023,1,-0.06544422810381434
2023-04-02,258.632852672304,6,Sunday,4,April,2,2023,1,23.23911325822877
2023-04-03,256.80350744722347,0,Monday,4,April,2,2023,0,-1.8293452250805444
2023-04-04,212.91202671634267,1,Tuesday,4,April,2,2023,0,-43.8914807308808
2023-04-05,201.3309466024571,2,Wednesday,4,April,2,2023,0,-11.581080113885577
2023-04-06,224.2334028089926,3,Thursday,4,April,2,2023,0,22.902456206535504
2023-04-07,241.1687932043016,4,Friday,4,April,2,2023,0,16.935390395309014
2023-04-08,235.8032277518009,5,Saturday,4,April,2,2023,1,-5.365565452500704
2023-04-09,240.6992781421683,6,Sunday,4,April,2,2023,1,4.896050390367407
2023-04-10,231.25509438956257,0,Monday,4,April,2,2023,0,-9.444183752605738
2023-04-11,203.25108057607008,1,Tuesday,4,April,2,2023,0,-28.00401381349249
2023-04-12,196.65152824055576,2,Wednesday,4,April,2,2023,0,-6.599552335514318
2023-04-13,199.60730271541337,3,Thursday,4,April,2,2023,0,2.9557744748576056
2023-04-14,217.5415292869142,4,Friday,4,April,2,2023,0,17.93422657150083
2023-04-15,240.42892797217561,5,Saturday,4,April,2,2023,1,22.887398685261417
2023-04-16,246.88502320563086,6,Sunday,4,April,2,2023,1,6.456095233455244
2023-04-17,249.11775107887982,0,Monday,4,April,2,2023,0,2.2327278732489617
2023-04-18,206.15025257895365,1,Tuesday,4,April,2,2023,0,-42.967498499926165
2023-04-19,215.0182362039674,2,Wednesday,4,April,2,2023,0,8.86798362501375
2023-04-20,206.7449292142412,3,Thursday,4,April,2,2023,0,-8.273306989726194
2023-04-21,223.86053326592008,4,Friday,4,April,2,2023,0,17.115604051678872
2023-04-22,246.55964045664888,5,Saturday,4,April,2,2023,1,22.699107190728796
2023-04-23,232.25180232220063,6,Sunday,4,April,2,2023,1,-14.307838134448247
2023-04-24,236.2739723930939,0,Monday,4,April,2,2023,0,4.0221700708932815
2023-04-25,216.5369594272634,1,Tuesday,4,April,2,2023,0,-19.737012965830502
2023-04-26,208.74024739479677,2,Wednesday,4,April,2,2023,0,-7.796712032466644
2023-04-27,210.31989638289906,3,Thursday,4,April,2,2023,0,1.5796489881022922
2023-04-28,247.35485417736402,4,Friday,4,April,2,2023,0,37.03495779446496
2023-04-29,231.78466723144862,5,Saturday,4,April,2,2023,1,-15.570186945915395
2023-04-30,236.42429107059363,6,Sunday,4,April,2,2023,1,4.639623839145003
2023-05-01,224.37902993974512,0,Monday,5,May,2,2023,0,-12.045261130848502
2023-05-02,207.3842822790437,1,Tuesday,5,May,2,2023,0,-16.99474766070142
2023-05-03,195.4152969223511,2,Wednesday,5,May,2,2023,0,-11.968985356692599
2023-05-04,217.19941504745245,3,Thursday,5,May,2,2023,0,21.784118125101344
2023-05-05,234.79635777999923,4,Friday,5,May,2,2023,0,17.59694273254678
2023-05-06,230.15333286422467,5,Saturday,5,May,2,2023,1,-4.643024915774561
2023-05-07,231.01957014945089,6,Sunday,5,May,2,2023,1,0.8662372852262195
2023-05-08,232.8444894781194,0,Monday,5,May,2,2023,0,1.8249193286685284
2023-05-09,204.84867843336883,1,Tuesday,5,May,2,2023,0,-27.99581104475058
2023-05-10,205.46324777209784,2,Wednesday,5,May,2,2023,0,0.6145693387290123
2023-05-11,204.59712240844968,3,Thursday,5,May,2,2023,0,-0.8661253636481661
2023-05-12,202.60739823293585,4,Friday,5,May,2,2023,0,-1.9897241755138282
2023-05-13,248.42527925979402,5,Saturday,5,May,2,2023,1,45.817881026858174
2023-05-14,254.30829204526594,6,Sunday,5,May,2,2023,1,5.883012785471919
2023-05-15,218.9268696328204,0,Monday,5,May,2,2023,0,-35.381422412445545
2023-05-16,203.33744854566723,1,Tuesday,5,May,2,2023,0,-15.58942108715317
2023-05-17,198.7563948018742,2,Wednesday,5,May,2,2023,0,-4.581053743793035
2023-05-18,202.597674414443,3,Thursday,5,May,2,2023,0,3.8412796125687976
2023-05-19,220.9580696802586,4,Friday,5,May,2,2023,0,18.36039526581561
2023-05-20,249.58382661401686,5,Saturday,5,May,2,2023,1,28.625756933758254
2023-05-21,231.03657914046593,6,Sunday,5,May,2,2023,1,-18.547247473550925
2023-05-22,213.45454022560557,0,Monday,5,May,2,2023,0,-17.582038914860362
2023-05-23,189.7315077741141,1,Tuesday,5,May,2,2023,0,-23.723032451491463
2023-05-24,184.8274373839153,2,Wednesday,5,May,2,2023,0,-4.904070390198797
2023-05-25,195.09089693837078,3,Thursday,5,May,2,2023,0,10.263459554455466
2023-05-26,228.41865198482395,4,Friday,5,May,2,2023,0,33.32775504645318
2023-05-27,220.33884415935506,5,Saturday,5,May,2,2023,1,-8.07980782546889
2023-05-28,231.01119957248898,6,Sunday,5,May,2,2023,1,10.672355413133914
2023-05-29,217.17602776139427,0,Monday,5,May,2,2023,0,-13.83517181109471
2023-05-30,211.2482540372816,1,Tuesday,5,May,2,2023,0,-5.9277737241126545
2023-05-31,213.1839809540463,2,Wednesday,5,May,2,2023,0,1.9357269167646791
2023-06-01,185.8311342380542,3,Thursday,6,June,2,2023,0,-27.352846715992087
2023-06-02,201.23752717049706,4,Friday,6,June,2,2023,0,15.406392932442856
2023-06-03,231.55808107198877,5,Saturday,6,June,2,2023,1,30.320553901491706
2023-06-04,231.13790793494454,6,Sunday,6,June,2,2023,1,-0.4201731370442303
2023-06-05,231.29866824310713,0,Monday,6,June,2,2023,0,0.1607603081625939
2023-06-06,200.64213022929363,1,Tuesday,6,June,2,2023,0,-30.656538013813503
2023-06-07,179.70899082652647,2,Wednesday,6,June,2,2023,0,-20.933139402767154
2023-06-08,192.38390760758566,3,Thursday,6,June,2,2023,0,12.674916781059181
2023-06-09,212.50834606996384,4,Friday,6,June,2,2023,0,20.12443846237818
2023-06-10,224.56411740547367,5,Saturday,6,June,2,2023,1,12.055771335509831
2023-06-11,224.58958833384432,6,Sunday,6,June,2,2023,1,0.02547092837065179
2023-06-12,218.65283893260502,0,Monday,6,June,2,2023,0,-5.936749401239297
2023-06-13,201.6085666036313,1,Tuesday,6,June,2,2023,0,-17.044272328973733
2023-06-14,192.19616479536205,2,Wednesday,6,June,2,2023,0,-9.412401808269237
2023-06-15,187.9986695758616,3,Thursday,6,June,2,2023,0,-4.197495219500439
2023-06-16,194.74754790873965,4,Friday,6,June,2,2023,0,6.748878332878036
2023-06-17,212.78872764146118,5,Saturday,6,June,2,2023,1,18.04117973272153
2023-06-18,226.5107896882597,6,Sunday,6,June,2,2023,1,13.722062046798527
2023-06-19,194.71383412132093,0,Monday,6,June,2,2023,0,-31.796955566938777
2023-06-20,188.4693887500408,1,Tuesday,6,June,2,2023,0,-6.244445371280136
2023-06-21,169.27988615850285,2,Wednesday,6,June,2,2023,0,-19.189502591537945
2023-06-22,176.61108941565942,3,Thursday,6,June,2,2023,0,7.331203257156574
2023-06-23,203.99041344871083,4,Friday,6,June,2,2023,0,27.379324033051404
2023-06-24,207.99657509687304,5,Saturday,6,June,2,2023,1,4.0061616481622195
2023-06-25,209.65262543464038,6,Sunday,6,June,2,2023,1,1.65605033776734
2023-06-26,184.0075007457712,0,Monday,6,June,2,2023,0,-25.645124688869174
2023-06-27,186.95012497073017,1,Tuesday,6,June,2,2023,0,2.942624224958962
2023-06-28,174.3568683054428,2,Wednesday,6,June,2,2023,0,-12.593256665287385
2023-06-29,192.63052022142054,3,Thursday,6,June,2,2023,0,18.27365191597775
2023-06-30,182.78978915888112,4,Friday,6,June,2,2023,0,-9.840731062539419
2023-07-01,202.9278783015761,5,Saturday,7,July,3,2023,1,20.13808914269498
2023-07-02,206.32377358107541,6,Sunday,7,July,3,2023,1,3.395895279499314
2023-07-03,208.01493288378373,0,Monday,7,July,3,2023,0,1.6911593027083143
2023-07-04,173.16341018560743,1,Tuesday,7,July,3,2023,0,-34.851522698176296
2023-07-05,165.31723499375175,2,Wednesday,7,July,3,2023,0,-7.846175191855679
2023-07-06,171.69992826453614,3,Thursday,7,July,3,2023,0,6.382693270784387
2023-07-07,182.3564303427022,4,Friday,7,July,3,2023,0,10.656502078166056
2023-07-08,190.89636445847654,5,Saturday,7,July,3,2023,1,8.539934115774344
2023-07-09,200.39850031987953,6,Sunday,7,July,3,2023,1,9.50213586140299
2023-07-10,197.60949840333626,0,Monday,7,July,3,2023,0,-2.7890019165432705
2023-07-11,158.49088809514092,1,Tuesday,7,July,3,2023,0,-39.11861030819534
2023-07-12,158.50506236772992,2,Wednesday,7,July,3,2023,0,0.014174272589002612
2023-07-13,153.27854420219901,3,Thursday,7,July,3,2023,0,-5.226518165530905
2023-07-14,187.1118077718449,4,Friday,7,July,3,2023,0,33.83326356964588
2023-07-15,174.813813393992,5,Saturday,7,July,3,2023,1,-12.297994377852888
2023-07-16,187.56910536482152,6,Sunday,7,July,3,2023,1,12.755291970829518
2023-07-17,185.36352219502734,0,Monday,7,July,3,2023,0,-2.2055831697941812
2023-07-18,179.1487553201809,1,Tuesday,7,July,3,2023,0,-6.214766874846447
2023-07-19,151.27633496220716,2,Wednesday,7,July,3,2023,0,-27.872420357973738
2023-07-20,149.50896743492171,3,Thursday,7,July,3,2023,0,-1.7673675272854439
2023-07-21,188.77859459769036,4,Friday,7,July,3,2023,0,39.26962716276864
2023-07-22,170.39742435393921,5,Saturday,7,July,3,2023,1,-18.381170243751143
2023-07-23,166.0300623557946,6,Sunday,7,July,3,2023,1,-4.367361998144617
2023-07-24,180.88097360902262,0,Monday,7,July,3,2023,0,14.85091125322802
2023-07-25,153.39372767225075,1,Tuesday,7,July,3,2023,0,-27.48724593677187
2023-07-26,136.67528588676865,2,Wednesday,7,July,3,2023,0,-16.7184417854821
2023-07-27,157.13300785892804,3,Thursday,7,July,3,2023,0,20.45772197215939
2023-07-28,167.4298882562276,4,Friday,7,July,3,2023,0,10.29688039729956
2023-07-29,174.2996723649293,5,Saturday,7,July,3,2023,1,6.869784108701708
2023-07-30,170.31766166016752,6,Sunday,7,July,3,2023,1,-3.982010704761791
2023-07-31,180.34931309414378,0,Monday,7,July,3,2023,0,10.031651433976265
2023-08-01,160.10314571416,1,Tuesday,8,August,3,2023,0,-20.246167379983774
2023-08-02,141.12728638241072,2,Wednesday,8,August,3,2023,0,-18.97585933174929
2023-08-03,163.79341169118757,3,Thursday,8,August,3,2023,0,22.666125308776856
2023-08-04,149.6163859603223,4,Friday,8,August,3,2023,0,-14.177025730865267
2023-08-05,160.0598862748294,5,Saturday,8,August,3,2023,1,10.443500314507105
2023-08-06,171.62718911638058,6,Sunday,8,August,3,2023,1,11.567302841551168
2023-08-07,166.64687166481653,0,Monday,8,August,3,2023,0,-4.980317451564048
2023-08-08,151.56647577147655,1,Tuesday,8,August,3,2023,0,-15.080395893339983
2023-08-09,135.29409862364327,2,Wednesday,8,August,3,2023,0,-16.272377147833282
2023-08-10,144.4919718143368,3,Thursday,8,August,3,2023,0,9.197873190693542
2023-08-11,143.5046556788439,4,Friday,8,August,3,2023,0,-0.9873161354929039
2023-08-12,185.51550144946654,5,Saturday,8,August,3,2023,1,42.01084577062264
2023-08-13,173.54881980652064,6,Sunday,8,August,3,2023,1,-11.9666816429459
2023-08-14,174.1625213404258,0,Monday,8,August,3,2023,0,0.6137015339051572
2023-08-15,148.51134185496068,1,Tuesday,8,August,3,2023,0,-25.65117948546512
2023-08-16,138.29056192859466,2,Wednesday,8,August,3,2023,0,-10.22077992636602
2023-08-17,142.75259271216657,3,Thursday,8,August,3,2023,0,4.462030783571919
2023-08-18,156.6489174051416,4,Friday,8,August,3,2023,0,13.896324692975014
2023-08-19,173.7264728078684,5,Saturday,8,August,3,2023,1,17.0775554027268
2023-08-20,183.95416210303932,6,Sunday,8,August,3,2023,1,10.227689295170933
2023-08-21,161.31928185319236,0,Monday,8,August,3,2023,0,-22.634880249846958
2023-08-22,148.6121001629149,1,Tuesday,8,August,3,2023,0,-12.707181690277451
2023-08-23,129.3383574580062,2,Wednesday,8,August,3,2023,0,-19.273742704908727
2023-08-24,148.0447084918685,3,Thursday,8,August,3,2023,0,18.70635103386232
2023-08-25,142.07365580191265,4,Friday,8,August,3,2023,0,-5.9710526899558545
2023-08-26,182.05270314796317,5,Saturday,8,August,3,2023,1,39.97904734605052
2023-08-27,167.08457032699658,6,Sunday,8,August,3,2023,1,-14.968132820966588
2023-08-28,141.9504209054033,0,Monday,8,August,3,2023,0,-25.134149421593293
2023-08-29,139.78890271433733,1,Tuesday,8,August,3,2023,0,-2.1615181910659658
2023-08-30,120.49376930660456,2,Wednesday,8,August,3,2023,0,-19.295133407732763
2023-08-31,139.20237560989042,3,Thursday,8,August,3,2023,0,18.708606303285862
2023-09-01,139.54860710681785,4,Friday,9,September,3,2023,0,0.34623149692743027
2023-09-02,156.90460373859324,5,Saturday,9,September,3,2023,1,17.355996631775383
2023-09-03,146.00073441960075,6,Sunday,9,September,3,2023,1,-10.903869318992491
2023-09-04,149.2329090415243,0,Monday,9,September,3,2023,0,3.232174621923548
2023-09-05,111.85560380235002,1,Tuesday,9,September,3,2023,0,-37.37730523917428
2023-09-06,109.14143787098928,2,Wednesday,9,September,3,2023,0,-2.714165931360739
2023-09-07,136.16678562569749,3,Thursday,9,September,3,2023,0,27.025347754708207
2023-09-08,151.7909163630915,4,Friday,9,September,3,2023,0,15.624130737394012
2023-09-09,163.57127367301618,5,Saturday,9,September,3,2023,1,11.780357309924682
2023-09-10,153.26962828393965,6,Sunday,9,September,3,2023,1,-10.301645389076526
2023-09-11,151.41586303794148,0,Monday,9,September,3,2023,0,-1.8537652459981757
2023-09-12,134.28987305564948,1,Tuesday,9,September,3,2023,0,-17.125989982291998
2023-09-13,111.7235302746187,2,Wednesday,9,September,3,2023,0,-22.566342781030784
2023-09-14,142.01922732154284,3,Thursday,9,September,3,2023,0,30.295697046924147
2023-09-15,151.22569322038134,4,Friday,9,September,3,2023,0,9.206465898838502
2023-09-16,155.72338970205345,5,Saturday,9,September,3,2023,1,4.497696481672108
2023-09-17,161.92235812973317,6,Sunday,9,September,3,2023,1,6.198968427679716
2023-09-18,152.7892612013145,0,Monday,9,September,3,2023,0,-9.133096928418666
2023-09-19,112.81989353895219,1,Tuesday,9,September,3,2023,0,-39.969367662362316
2023-09-20,119.84614586605115,2,Wednesday,9,September,3,2023,0,7.026252327098959
2023-09-21,119.27602517689917,3,Thursday,9,September,3,2023,0,-0.5701206891519774
2023-09-22,131.64682692085034,4,Friday,9,September,3,2023,0,12.370801743951176
2023-09-23,154.4337414024586,5,Saturday,9,September,3,2023,1,22.78691448160825
2023-09-24,179.04322710329166,6,Sunday,9,September,3,2023,1,24.609485700833062
2023-09-25,156.62823612012858,0,Monday,9,September,3,2023,0,-22.41499098316308
2023-09-26,127.14167204904774,1,Tuesday,9,September,3,2023,0,-29.486564071080835
2023-09-27,127.76211547633649,2,Wednesday,9,September,3,2023,0,0.6204434272887482
2023-09-28,139.91021092455713,3,Thursday,9,September,3,2023,0,12.148095448220644
2023-09-29,150.83281605551775,4,Friday,9,September,3,2023,0,10.92260513096062
2023-09-30,157.86737553662178,5,Saturday,9,September,3,2023,1,7.034559481104026
2023-10-01,154.7263784156397,6,Sunday,10,October,4,2023,1,-3.1409971209820924
2023-10-02,157.43463290939548,0,Monday,10,October,4,2023,0,2.7082544937557884
2023-10-03,137.12423649002088,1,Tuesday,10,October,4,2023,0,-20.310396419374598
2023-10-04,131.42755891378806,2,Wednesday,10,October,4,2023,0,-5.6966775762328155
2023-10-05,132.81119132358552,3,Thursday,10,October,4,2023,0,1.3836324097974568
2023-10-06,152.72832953979463,4,Friday,10,October,4,2023,0,19.91713821620911
2023-10-07,152.66854737976513,5,Saturday,10,October,4,2023,1,-0.05978216002949921
2023-10-08,175.2229864616798,6,Sunday,10,October,4,2023,1,22.554439081914666
2023-10-09,153.3851042254517,0,Monday,10,October,4,2023,0,-21.837882236228097
2023-10-10,155.00201479755378,1,Tuesday,10,October,4,2023,0,1.6169105721020856
2023-10-11,116.74696266337726,2,Wednesday,10,October,4,2023,0,-38.25505213417652
2023-10-12,145.08536129368792,3,Thursday,10,October,4,2023,0,28.338398630310664
2023-10-13,145.58101064028833,4,Friday,10,October,4,2023,0,0.49564934660040194
2023-10-14,152.9784545462539,5,Saturday,10,October,4,2023,1,7.3974439059655595
2023-10-15,158.78431105271514,6,Sunday,10,October,4,2023,1,5.805856506461254
2023-10-16,149.8818707199242,0,Monday,10,October,4,2023,0,-8.902440332790945
2023-10-17,140.26910651201035,1,Tuesday,10,October,4,2023,0,-9.612764207913841
2023-10-18,130.74670524675332,2,Wednesday,10,October,4,2023,0,-9.522401265257031
2023-10-19,123.96933445612247,3,Thursday,10,October,4,2023,0,-6.7773707906308545
2023-10-20,145.4396730761594,4,Friday,10,October,4,2023,0,21.47033862003694
2023-10-21,183.09693276933547,5,Saturday,10,October,4,2023,1,37.65725969317606
2023-10-22,183.18001787687024,6,Sunday,10,October,4,2023,1,0.08308510753477094
2023-10-23,159.82933369808637,0,Monday,10,October,4,2023,0,-23.350684178783865
2023-10-24,138.88705628586945,1,Tuesday,10,October,4,2023,0,-20.942277412216924
2023-10-25,129.29651494353848,2,Wednesday,10,October,4,2023,0,-9.590541342330965
2023-10-26,138.51706890187322,3,Thursday,10,October,4,2023,0,9.220553958334733
2023-10-27,138.22794899829245,4,Friday,10,October,4,2023,0,-0.2891199035807688
2023-10-28,161.96958930254073,5,Saturday,10,October,4,2023,1,23.74164030424828
2023-10-29,152.18368109531968,6,Sunday,10,October,4,2023,1,-9.785908207221041
2023-10-30,162.51838602116206,0,Monday,10,October,4,2023,0,10.334704925842374
2023-10-31,148.133444653196,1,Tuesday,10,October,4,2023,0,-14.384941367966064
2023-11-01,126.51246265000044,2,Wednesday,11,November,4,2023,0,-21.62098200319555
2023-11-02,151.4627724191635,3,Thursday,11,November,4,2023,0,24.95030976916307
2023-11-03,139.63132432975044,4,Friday,11,November,4,2023,0,-11.831448089413072
2023-11-04,153.42397631360598,5,Saturday,11,November,4,2023,1,13.792651983855535
2023-11-05,174.72882101315855,6,Sunday,11,November,4,2023,1,21.304844699552575
2023-11-06,172.70144904039353,0,Monday,11,November,4,2023,0,-2.0273719727650246
2023-11-07,162.29369679334243,1,Tuesday,11,November,4,2023,0,-10.407752247051093
2023-11-08,130.63610962297477,2,Wednesday,11,November,4,2023,0,-31.657587170367663
2023-11-09,150.477069458975,3,Thursday,11,November,4,2023,0,19.840959836000224
2023-11-10,155.55699930134261,4,Friday,11,November,4,2023,0,5.079929842367619
2023-11-11,170.47929181566602,5,Saturday,11,November,4,2023,1,14.922292514323402
2023-11-12,185.54244345427495,6,Sunday,11,November,4,2023,1,15.063151638608929
2023-11-13,173.05787772377727,0,Monday,11,November,4,2023,0,-12.484565730497678
2023-11-14,134.07623857385653,1,Tuesday,11,November,4,2023,0,-38.98163914992074
2023-11-15,154.45654488533637,2,Wednesday,11,November,4,2023,0,20.380306311479842
2023-11-16,158.03668039982637,3,Thursday,11,November,4,2023,0,3.580135514489996
2023-11-17,154.31012356696235,4,Friday,11,November,4,2023,0,-3.72655683286402
2023-11-18,180.8642487128628,5,Saturday,11,November,4,2023,1,26.554125145900457
2023-11-19,186.4225748288388,6,Sunday,11,November,4,2023,1,5.558326115976001
2023-11-20,173.99237172853924,0,Monday,11,November,4,2023,0,-12.430203100299565
2023-11-21,149.26140383842883,1,Tuesday,11,November,4,2023,0,-24.730967890110406
2023-11-22,137.97124520924226,2,Wednesday,11,November,4,2023,0,-11.290158629186578
2023-11-23,149.04731676271177,3,Thursday,11,November,4,2023,0,11.076071553469518
2023-11-24,177.42957441203902,4,Friday,11,November,4,2023,0,28.382257649327244
2023-11-25,187.54686094501045,5,Saturday,11,November,4,2023,1,10.117286532971434
2023-11-26,183.0475372534437,6,Sunday,11,November,4,2023,1,-4.499323691566758
2023-11-27,184.43941982149084,0,Monday,11,November,4,2023,0,1.3918825680471514
2023-11-28,131.6798289501417,1,Tuesday,11,November,4,2023,0,-52.75959087134913
2023-11-29,161.6385279662279,2,Wednesday,11,November,4,2023,0,29.9586990160862
2023-11-30,137.4302766904613,3,Thursday,11,November,4,2023,0,-24.2082512757666
2023-12-01,167.66215128048066,4,Friday,12,December,4,2023,0,30.231874590019345
2023-12-02,176.556693263087,5,Saturday,12,December,4,2023,1,8.894541982606341
2023-12-03,179.50617458937353,6,Sunday,12,December,4,2023,1,2.9494813262865307
2023-12-04,194.08528814892486,0,Monday,12,December,4,2023,0,14.579113559551331
2023-12-05,161.29659595928854,1,Tuesday,12,December,4,2023,0,-32.78869218963632
2023-12-06,159.47649840958556,2,Wednesday,12,December,4,2023,0,-1.8200975497029788
2023-12-07,160.26948823358234,3,Thursday,12,December,4,2023,0,0.792989823996777
2023-12-08,182.01737952553276,4,Friday,12,December,4,2023,0,21.747891291950424
2023-12-09,194.5295782550387,5,Saturday,12,December,4,2023,1,12.51219872950594
2023-12-10,185.67700230496706,6,Sunday,12,December,4,2023,1,-8.852575950071639
2023-12-11,198.53798962125745,0,Monday,12,December,4,2023,0,12.860987316290391
2023-12-12,167.17709400141183,1,Tuesday,12,December,4,2023,0,-31.36089561984562
2023-12-13,146.6278152822421,2,Wednesday,12,December,4,2023,0,-20.549278719169735
2023-12-14,162.67919984328788,3,Thursday,12,December,4,2023,0,16.05138456104578
2023-12-15,198.51405759872006,4,Friday,12,December,4,2023,0,35.83485775543218
2023-12-16,208.55923327283173,5,Saturday,12,December,4,2023,1,10.045175674111675
2023-12-17,201.35055413519018,6,Sunday,12,December,4,2023,1,-7.208679137641553
2023-12-18,191.44570589068846,0,Monday,12,December,4,2023,0,-9.904848244501721
2023-12-19,175.29238784294606,1,Tuesday,12,December,4,2023,0,-16.153318047742403
2023-12-20,189.38460687386356,2,Wednesday,12,December,4,2023,0,14.092219030917505
2023-12-21,177.23090152016235,3,Thursday,12,December,4,2023,0,-12.153705353701213
2023-12-22,194.2840548151386,4,Friday,12,December,4,2023,0,17.053153294976255
2023-12-23,216.86128479046528,5,Saturday,12,December,4,2023,1,22.577229975326674
2023-12-24,213.7489226795649,6,Sunday,12,December,4,2023,1,-3.1123621109003636
2023-12-25,198.89259709686834,0,Monday,12,December,4,2023,0,-14.85632558269657
2023-12-26,183.10900814709953,1,Tuesday,12,December,4,2023,0,-15.783588949768813
2023-12-27,174.4821624069542,2,Wednesday,12,December,4,2023,0,-8.626845740145342
2023-12-28,179.63589418064606,3,Thursday,12,December,4,2023,0,5.153731773691874
2023-12-29,203.8702622245127,4,Friday,12,December,4,2023,0,24.234368043866624
2023-12-30,213.700229690632,5,Saturday,12,December,4,2023,1,9.829967466119314
2023-12-31,225.31997427317938,6,Sunday,12,December,4,2023,1,11.619744582547384
